Record Length,2.500000e+03,,  -0.500000000000,  -0.02000,
Sample Interval,4.000000e-04,,  -0.499600000000,  -0.02000,
Trigger Point,1.250000000000e+03,,  -0.499200000000,   0.00000,
,,,  -0.498800000000,  -0.02000,
,,,  -0.498400000000,  -0.02000,
,,,  -0.498000000000,  -0.02000,
Source,CH1,,  -0.497600000000,  -0.02000,
Vertical Units,V,,  -0.497200000000,  -0.02000,
Vertical Scale,5.000000e-01,,  -0.496800000000,  -0.04000,
Vertical Offset,-1.480000e+00,,  -0.496400000000,  -0.02000,
Horizontal Units,s,,  -0.496000000000,  -0.02000,
Horizontal Scale,1.000000e-01,,  -0.495600000000,  -0.02000,
Pt Fmt,Y,,  -0.495200000000,  -0.02000,
Yzero,0.000000e+00,,  -0.494800000000,  -0.02000,
Probe Atten,1.000000e+00,,  -0.494400000000,  -0.02000,
Model Number,TDS2002C,,  -0.494000000000,   0.00000,
Serial Number,C017128,,  -0.493600000000,  -0.02000,
Firmware Version,FV:v24.26,,  -0.493200000000,  -0.02000,
,,,-00.492800000000,  -0.02000,
,,,-00.492400000000,  -0.02000,
,,,-00.492000000000,   0.00000,
,,,-00.491600000000,  -0.02000,
,,,-00.491200000000,  -0.04000,
,,,-00.490800000000,  -0.02000,
,,,-00.490400000000,  -0.02000,
,,,-00.490000000000,  -0.02000,
,,,-00.489600000000,  -0.04000,
,,,-00.489200000000,  -0.02000,
,,,-00.488800000000,  -0.02000,
,,,-00.488400000000,  -0.02000,
,,,-00.488000000000,  -0.04000,
,,,-00.487600000000,  -0.02000,
,,,-00.487200000000,  -0.04000,
,,,-00.486800000000,   0.00000,
,,,-00.486400000000,  -0.02000,
,,,-00.486000000000,  -0.02000,
,,,-00.485600000000,  -0.02000,
,,,-00.485200000000,  -0.02000,
,,,-00.484800000000,  -0.02000,
,,,-00.484400000000,  -0.02000,
,,,-00.484000000000,  -0.02000,
,,,-00.483600000000,  -0.02000,
,,,-00.483200000000,  -0.02000,
,,,-00.482800000000,  -0.02000,
,,,-00.482400000000,  -0.02000,
,,,-00.482000000000,   0.00000,
,,,-00.481600000000,   0.00000,
,,,-00.481200000000,  -0.04000,
,,,-00.480800000000,  -0.02000,
,,,-00.480400000000,  -0.02000,
,,,-00.480000000000,   0.00000,
,,,-00.479600000000,  -0.02000,
,,,-00.479200000000,  -0.02000,
,,,-00.478800000000,   0.00000,
,,,-00.478400000000,  -0.02000,
,,,-00.478000000000,   0.00000,
,,,-00.477600000000,  -0.02000,
,,,-00.477200000000,  -0.02000,
,,,-00.476800000000,  -0.04000,
,,,-00.476400000000,  -0.04000,
,,,-00.476000000000,  -0.04000,
,,,-00.475600000000,  -0.04000,
,,,-00.475200000000,   0.00000,
,,,-00.474800000000,  -0.02000,
,,,-00.474400000000,  -0.04000,
,,,-00.474000000000,  -0.02000,
,,,-00.473600000000,  -0.02000,
,,,-00.473200000000,  -0.04000,
,,,-00.472800000000,  -0.02000,
,,,-00.472400000000,  -0.02000,
,,,-00.472000000000,  -0.02000,
,,,-00.471600000000,  -0.02000,
,,,-00.471200000000,   0.00000,
,,,-00.470800000000,  -0.02000,
,,,-00.470400000000,  -0.02000,
,,,-00.470000000000,  -0.02000,
,,,-00.469600000000,  -0.02000,
,,,-00.469200000000,  -0.04000,
,,,-00.468800000000,  -0.02000,
,,,-00.468400000000,  -0.02000,
,,,-00.468000000000,  -0.02000,
,,,-00.467600000000,  -0.02000,
,,,-00.467200000000,  -0.02000,
,,,-00.466800000000,  -0.02000,
,,,-00.466400000000,  -0.04000,
,,,-00.466000000000,  -0.04000,
,,,-00.465600000000,  -0.02000,
,,,-00.465200000000,  -0.02000,
,,,-00.464800000000,  -0.02000,
,,,-00.464400000000,  -0.04000,
,,,-00.464000000000,  -0.02000,
,,,-00.463600000000,  -0.02000,
,,,-00.463200000000,  -0.02000,
,,,-00.462800000000,  -0.02000,
,,,-00.462400000000,  -0.02000,
,,,-00.462000000000,  -0.04000,
,,,-00.461600000000,  -0.02000,
,,,-00.461200000000,  -0.04000,
,,,-00.460800000000,  -0.02000,
,,,-00.460400000000,  -0.04000,
,,,-00.460000000000,  -0.02000,
,,,-00.459600000000,  -0.02000,
,,,-00.459200000000,  -0.02000,
,,,-00.458800000000,  -0.02000,
,,,-00.458400000000,  -0.02000,
,,,-00.458000000000,  -0.02000,
,,,-00.457600000000,  -0.02000,
,,,-00.457200000000,  -0.04000,
,,,-00.456800000000,   0.00000,
,,,-00.456400000000,  -0.02000,
,,,-00.456000000000,  -0.02000,
,,,-00.455600000000,  -0.02000,
,,,-00.455200000000,  -0.02000,
,,,-00.454800000000,  -0.02000,
,,,-00.454400000000,  -0.02000,
,,,-00.454000000000,  -0.04000,
,,,-00.453600000000,  -0.02000,
,,,-00.453200000000,  -0.02000,
,,,-00.452800000000,  -0.04000,
,,,-00.452400000000,   0.00000,
,,,-00.452000000000,  -0.02000,
,,,-00.451600000000,  -0.02000,
,,,-00.451200000000,  -0.02000,
,,,-00.450800000000,  -0.04000,
,,,-00.450400000000,  -0.04000,
,,,-00.450000000000,  -0.02000,
,,,-00.449600000000,  -0.04000,
,,,-00.449200000000,   0.00000,
,,,-00.448800000000,  -0.02000,
,,,-00.448400000000,  -0.04000,
,,,-00.448000000000,  -0.02000,
,,,-00.447600000000,  -0.02000,
,,,-00.447200000000,  -0.02000,
,,,-00.446800000000,  -0.02000,
,,,-00.446400000000,  -0.02000,
,,,-00.446000000000,  -0.04000,
,,,-00.445600000000,  -0.02000,
,,,-00.445200000000,  -0.02000,
,,,-00.444800000000,  -0.02000,
,,,-00.444400000000,  -0.02000,
,,,-00.444000000000,  -0.02000,
,,,-00.443600000000,  -0.02000,
,,,-00.443200000000,  -0.02000,
,,,-00.442800000000,  -0.02000,
,,,-00.442400000000,  -0.04000,
,,,-00.442000000000,  -0.02000,
,,,-00.441600000000,   0.00000,
,,,-00.441200000000,  -0.02000,
,,,-00.440800000000,  -0.02000,
,,,-00.440400000000,  -0.02000,
,,,-00.440000000000,   0.00000,
,,,-00.439600000000,  -0.02000,
,,,-00.439200000000,  -0.02000,
,,,-00.438800000000,  -0.04000,
,,,-00.438400000000,  -0.02000,
,,,-00.438000000000,   0.00000,
,,,-00.437600000000,  -0.02000,
,,,-00.437200000000,  -0.02000,
,,,-00.436800000000,  -0.02000,
,,,-00.436400000000,  -0.02000,
,,,-00.436000000000,  -0.02000,
,,,-00.435600000000,  -0.04000,
,,,-00.435200000000,  -0.02000,
,,,-00.434800000000,  -0.02000,
,,,-00.434400000000,  -0.02000,
,,,-00.434000000000,  -0.02000,
,,,-00.433600000000,  -0.04000,
,,,-00.433200000000,  -0.02000,
,,,-00.432800000000,  -0.02000,
,,,-00.432400000000,  -0.02000,
,,,-00.432000000000,  -0.02000,
,,,-00.431600000000,  -0.02000,
,,,-00.431200000000,  -0.04000,
,,,-00.430800000000,  -0.04000,
,,,-00.430400000000,  -0.02000,
,,,-00.430000000000,  -0.04000,
,,,-00.429600000000,  -0.02000,
,,,-00.429200000000,  -0.02000,
,,,-00.428800000000,  -0.02000,
,,,-00.428400000000,  -0.02000,
,,,-00.428000000000,  -0.02000,
,,,-00.427600000000,  -0.02000,
,,,-00.427200000000,  -0.02000,
,,,-00.426800000000,  -0.04000,
,,,-00.426400000000,  -0.02000,
,,,-00.426000000000,  -0.02000,
,,,-00.425600000000,  -0.02000,
,,,-00.425200000000,  -0.02000,
,,,-00.424800000000,  -0.02000,
,,,-00.424400000000,  -0.02000,
,,,-00.424000000000,  -0.02000,
,,,-00.423600000000,  -0.02000,
,,,-00.423200000000,  -0.02000,
,,,-00.422800000000,  -0.02000,
,,,-00.422400000000,  -0.02000,
,,,-00.422000000000,  -0.02000,
,,,-00.421600000000,  -0.02000,
,,,-00.421200000000,  -0.02000,
,,,-00.420800000000,  -0.02000,
,,,-00.420400000000,  -0.02000,
,,,-00.420000000000,  -0.02000,
,,,-00.419600000000,  -0.02000,
,,,-00.419200000000,  -0.02000,
,,,-00.418800000000,  -0.02000,
,,,-00.418400000000,  -0.02000,
,,,-00.418000000000,  -0.02000,
,,,-00.417600000000,  -0.02000,
,,,-00.417200000000,   0.00000,
,,,-00.416800000000,  -0.04000,
,,,-00.416400000000,  -0.04000,
,,,-00.416000000000,  -0.02000,
,,,-00.415600000000,  -0.02000,
,,,-00.415200000000,  -0.02000,
,,,-00.414800000000,  -0.02000,
,,,-00.414400000000,  -0.02000,
,,,-00.414000000000,  -0.02000,
,,,-00.413600000000,  -0.02000,
,,,-00.413200000000,  -0.02000,
,,,-00.412800000000,  -0.02000,
,,,-00.412400000000,  -0.02000,
,,,-00.412000000000,  -0.02000,
,,,-00.411600000000,  -0.02000,
,,,-00.411200000000,  -0.02000,
,,,-00.410800000000,  -0.02000,
,,,-00.410400000000,  -0.04000,
,,,-00.410000000000,  -0.02000,
,,,-00.409600000000,  -0.02000,
,,,-00.409200000000,  -0.02000,
,,,-00.408800000000,  -0.02000,
,,,-00.408400000000,  -0.02000,
,,,-00.408000000000,  -0.02000,
,,,-00.407600000000,  -0.02000,
,,,-00.407200000000,  -0.02000,
,,,-00.406800000000,  -0.02000,
,,,-00.406400000000,  -0.02000,
,,,-00.406000000000,  -0.02000,
,,,-00.405600000000,  -0.02000,
,,,-00.405200000000,  -0.02000,
,,,-00.404800000000,  -0.02000,
,,,-00.404400000000,  -0.02000,
,,,-00.404000000000,  -0.02000,
,,,-00.403600000000,  -0.02000,
,,,-00.403200000000,  -0.04000,
,,,-00.402800000000,   0.00000,
,,,-00.402400000000,  -0.02000,
,,,-00.402000000000,   0.00000,
,,,-00.401600000000,  -0.04000,
,,,-00.401200000000,  -0.04000,
,,,-00.400800000000,  -0.02000,
,,,-00.400400000000,  -0.02000,
,,,-00.400000000000,  -0.02000,
,,,-00.399600000000,  -0.02000,
,,,-00.399200000000,  -0.04000,
,,,-00.398800000000,  -0.02000,
,,,-00.398400000000,  -0.02000,
,,,-00.398000000000,  -0.02000,
,,,-00.397600000000,  -0.02000,
,,,-00.397200000000,  -0.02000,
,,,-00.396800000000,  -0.02000,
,,,-00.396400000000,  -0.02000,
,,,-00.396000000000,  -0.02000,
,,,-00.395600000000,  -0.02000,
,,,-00.395200000000,   0.00000,
,,,-00.394800000000,  -0.02000,
,,,-00.394400000000,  -0.02000,
,,,-00.394000000000,  -0.02000,
,,,-00.393600000000,  -0.02000,
,,,-00.393200000000,  -0.02000,
,,,-00.392800000000,  -0.04000,
,,,-00.392400000000,  -0.02000,
,,,-00.392000000000,  -0.04000,
,,,-00.391600000000,  -0.04000,
,,,-00.391200000000,  -0.02000,
,,,-00.390800000000,  -0.02000,
,,,-00.390400000000,  -0.04000,
,,,-00.390000000000,  -0.02000,
,,,-00.389600000000,  -0.02000,
,,,-00.389200000000,   0.00000,
,,,-00.388800000000,  -0.02000,
,,,-00.388400000000,  -0.02000,
,,,-00.388000000000,  -0.02000,
,,,-00.387600000000,  -0.02000,
,,,-00.387200000000,  -0.02000,
,,,-00.386800000000,  -0.02000,
,,,-00.386400000000,   0.00000,
,,,-00.386000000000,  -0.02000,
,,,-00.385600000000,  -0.02000,
,,,-00.385200000000,  -0.02000,
,,,-00.384800000000,  -0.02000,
,,,-00.384400000000,  -0.02000,
,,,-00.384000000000,  -0.04000,
,,,-00.383600000000,  -0.02000,
,,,-00.383200000000,  -0.02000,
,,,-00.382800000000,  -0.02000,
,,,-00.382400000000,  -0.04000,
,,,-00.382000000000,  -0.02000,
,,,-00.381600000000,  -0.02000,
,,,-00.381200000000,  -0.02000,
,,,-00.380800000000,  -0.02000,
,,,-00.380400000000,  -0.04000,
,,,-00.380000000000,  -0.02000,
,,,-00.379600000000,  -0.02000,
,,,-00.379200000000,   0.00000,
,,,-00.378800000000,  -0.02000,
,,,-00.378400000000,  -0.04000,
,,,-00.378000000000,  -0.02000,
,,,-00.377600000000,  -0.02000,
,,,-00.377200000000,  -0.04000,
,,,-00.376800000000,  -0.04000,
,,,-00.376400000000,  -0.02000,
,,,-00.376000000000,  -0.02000,
,,,-00.375600000000,  -0.02000,
,,,-00.375200000000,  -0.02000,
,,,-00.374800000000,  -0.02000,
,,,-00.374400000000,  -0.02000,
,,,-00.374000000000,  -0.02000,
,,,-00.373600000000,  -0.02000,
,,,-00.373200000000,  -0.04000,
,,,-00.372800000000,  -0.02000,
,,,-00.372400000000,  -0.02000,
,,,-00.372000000000,  -0.04000,
,,,-00.371600000000,  -0.04000,
,,,-00.371200000000,  -0.02000,
,,,-00.370800000000,  -0.02000,
,,,-00.370400000000,  -0.02000,
,,,-00.370000000000,  -0.02000,
,,,-00.369600000000,  -0.02000,
,,,-00.369200000000,  -0.02000,
,,,-00.368800000000,  -0.02000,
,,,-00.368400000000,  -0.02000,
,,,-00.368000000000,  -0.02000,
,,,-00.367600000000,  -0.02000,
,,,-00.367200000000,  -0.02000,
,,,-00.366800000000,  -0.02000,
,,,-00.366400000000,  -0.04000,
,,,-00.366000000000,  -0.02000,
,,,-00.365600000000,  -0.02000,
,,,-00.365200000000,  -0.02000,
,,,-00.364800000000,  -0.02000,
,,,-00.364400000000,   0.00000,
,,,-00.364000000000,   0.00000,
,,,-00.363600000000,  -0.02000,
,,,-00.363200000000,  -0.02000,
,,,-00.362800000000,  -0.04000,
,,,-00.362400000000,  -0.02000,
,,,-00.362000000000,  -0.02000,
,,,-00.361600000000,  -0.02000,
,,,-00.361200000000,  -0.02000,
,,,-00.360800000000,   0.00000,
,,,-00.360400000000,  -0.02000,
,,,-00.360000000000,  -0.02000,
,,,-00.359600000000,  -0.02000,
,,,-00.359200000000,  -0.02000,
,,,-00.358800000000,  -0.02000,
,,,-00.358400000000,  -0.02000,
,,,-00.358000000000,  -0.02000,
,,,-00.357600000000,  -0.04000,
,,,-00.357200000000,  -0.02000,
,,,-00.356800000000,  -0.02000,
,,,-00.356400000000,   0.00000,
,,,-00.356000000000,  -0.02000,
,,,-00.355600000000,  -0.04000,
,,,-00.355200000000,  -0.02000,
,,,-00.354800000000,  -0.02000,
,,,-00.354400000000,  -0.02000,
,,,-00.354000000000,  -0.02000,
,,,-00.353600000000,  -0.04000,
,,,-00.353200000000,  -0.02000,
,,,-00.352800000000,   0.00000,
,,,-00.352400000000,  -0.02000,
,,,-00.352000000000,  -0.02000,
,,,-00.351600000000,  -0.04000,
,,,-00.351200000000,  -0.02000,
,,,-00.350800000000,  -0.02000,
,,,-00.350400000000,  -0.02000,
,,,-00.350000000000,  -0.02000,
,,,-00.349600000000,  -0.04000,
,,,-00.349200000000,  -0.02000,
,,,-00.348800000000,   0.00000,
,,,-00.348400000000,  -0.02000,
,,,-00.348000000000,  -0.02000,
,,,-00.347600000000,  -0.02000,
,,,-00.347200000000,  -0.02000,
,,,-00.346800000000,   0.00000,
,,,-00.346400000000,  -0.02000,
,,,-00.346000000000,  -0.04000,
,,,-00.345600000000,  -0.02000,
,,,-00.345200000000,  -0.02000,
,,,-00.344800000000,  -0.04000,
,,,-00.344400000000,  -0.02000,
,,,-00.344000000000,  -0.02000,
,,,-00.343600000000,  -0.02000,
,,,-00.343200000000,  -0.02000,
,,,-00.342800000000,  -0.02000,
,,,-00.342400000000,  -0.02000,
,,,-00.342000000000,  -0.02000,
,,,-00.341600000000,  -0.02000,
,,,-00.341200000000,  -0.02000,
,,,-00.340800000000,  -0.02000,
,,,-00.340400000000,  -0.02000,
,,,-00.340000000000,  -0.02000,
,,,-00.339600000000,  -0.02000,
,,,-00.339200000000,  -0.02000,
,,,-00.338800000000,  -0.02000,
,,,-00.338400000000,   0.00000,
,,,-00.338000000000,  -0.02000,
,,,-00.337600000000,  -0.02000,
,,,-00.337200000000,   0.00000,
,,,-00.336800000000,  -0.02000,
,,,-00.336400000000,  -0.02000,
,,,-00.336000000000,  -0.02000,
,,,-00.335600000000,  -0.04000,
,,,-00.335200000000,  -0.02000,
,,,-00.334800000000,  -0.02000,
,,,-00.334400000000,  -0.02000,
,,,-00.334000000000,  -0.02000,
,,,-00.333600000000,   0.00000,
,,,-00.333200000000,   0.00000,
,,,-00.332800000000,  -0.02000,
,,,-00.332400000000,  -0.02000,
,,,-00.332000000000,  -0.02000,
,,,-00.331600000000,  -0.02000,
,,,-00.331200000000,  -0.02000,
,,,-00.330800000000,  -0.02000,
,,,-00.330400000000,  -0.02000,
,,,-00.330000000000,  -0.02000,
,,,-00.329600000000,   0.00000,
,,,-00.329200000000,  -0.02000,
,,,-00.328800000000,  -0.02000,
,,,-00.328400000000,  -0.02000,
,,,-00.328000000000,  -0.04000,
,,,-00.327600000000,  -0.02000,
,,,-00.327200000000,  -0.02000,
,,,-00.326800000000,  -0.04000,
,,,-00.326400000000,  -0.02000,
,,,-00.326000000000,  -0.02000,
,,,-00.325600000000,  -0.02000,
,,,-00.325200000000,  -0.04000,
,,,-00.324800000000,  -0.02000,
,,,-00.324400000000,  -0.02000,
,,,-00.324000000000,  -0.04000,
,,,-00.323600000000,  -0.04000,
,,,-00.323200000000,  -0.02000,
,,,-00.322800000000,  -0.02000,
,,,-00.322400000000,  -0.02000,
,,,-00.322000000000,  -0.02000,
,,,-00.321600000000,  -0.02000,
,,,-00.321200000000,  -0.02000,
,,,-00.320800000000,  -0.02000,
,,,-00.320400000000,  -0.02000,
,,,-00.320000000000,  -0.02000,
,,,-00.319600000000,  -0.02000,
,,,-00.319200000000,  -0.02000,
,,,-00.318800000000,  -0.02000,
,,,-00.318400000000,  -0.02000,
,,,-00.318000000000,  -0.02000,
,,,-00.317600000000,  -0.02000,
,,,-00.317200000000,   0.00000,
,,,-00.316800000000,  -0.02000,
,,,-00.316400000000,  -0.02000,
,,,-00.316000000000,  -0.02000,
,,,-00.315600000000,  -0.02000,
,,,-00.315200000000,  -0.02000,
,,,-00.314800000000,  -0.04000,
,,,-00.314400000000,  -0.02000,
,,,-00.314000000000,  -0.04000,
,,,-00.313600000000,   0.00000,
,,,-00.313200000000,  -0.02000,
,,,-00.312800000000,  -0.02000,
,,,-00.312400000000,  -0.02000,
,,,-00.312000000000,  -0.02000,
,,,-00.311600000000,  -0.02000,
,,,-00.311200000000,   0.00000,
,,,-00.310800000000,  -0.02000,
,,,-00.310400000000,  -0.02000,
,,,-00.310000000000,  -0.02000,
,,,-00.309600000000,  -0.02000,
,,,-00.309200000000,  -0.02000,
,,,-00.308800000000,   0.00000,
,,,-00.308400000000,  -0.02000,
,,,-00.308000000000,  -0.02000,
,,,-00.307600000000,  -0.02000,
,,,-00.307200000000,  -0.02000,
,,,-00.306800000000,  -0.04000,
,,,-00.306400000000,  -0.02000,
,,,-00.306000000000,  -0.04000,
,,,-00.305600000000,  -0.02000,
,,,-00.305200000000,  -0.02000,
,,,-00.304800000000,  -0.02000,
,,,-00.304400000000,  -0.04000,
,,,-00.304000000000,  -0.02000,
,,,-00.303600000000,  -0.04000,
,,,-00.303200000000,  -0.02000,
,,,-00.302800000000,  -0.02000,
,,,-00.302400000000,  -0.02000,
,,,-00.302000000000,  -0.04000,
,,,-00.301600000000,  -0.02000,
,,,-00.301200000000,  -0.04000,
,,,-00.300800000000,  -0.04000,
,,,-00.300400000000,  -0.04000,
,,,-00.300000000000,  -0.02000,
,,,-00.299600000000,  -0.02000,
,,,-00.299200000000,  -0.02000,
,,,-00.298800000000,  -0.02000,
,,,-00.298400000000,  -0.02000,
,,,-00.298000000000,  -0.02000,
,,,-00.297600000000,  -0.02000,
,,,-00.297200000000,  -0.02000,
,,,-00.296800000000,  -0.02000,
,,,-00.296400000000,  -0.02000,
,,,-00.296000000000,  -0.02000,
,,,-00.295600000000,  -0.02000,
,,,-00.295200000000,  -0.04000,
,,,-00.294800000000,   0.00000,
,,,-00.294400000000,  -0.02000,
,,,-00.294000000000,  -0.02000,
,,,-00.293600000000,  -0.02000,
,,,-00.293200000000,  -0.02000,
,,,-00.292800000000,  -0.02000,
,,,-00.292400000000,  -0.02000,
,,,-00.292000000000,  -0.02000,
,,,-00.291600000000,  -0.02000,
,,,-00.291200000000,  -0.02000,
,,,-00.290800000000,   0.00000,
,,,-00.290400000000,  -0.02000,
,,,-00.290000000000,  -0.02000,
,,,-00.289600000000,  -0.02000,
,,,-00.289200000000,  -0.02000,
,,,-00.288800000000,  -0.04000,
,,,-00.288400000000,  -0.02000,
,,,-00.288000000000,  -0.02000,
,,,-00.287600000000,   0.00000,
,,,-00.287200000000,  -0.04000,
,,,-00.286800000000,  -0.02000,
,,,-00.286400000000,  -0.02000,
,,,-00.286000000000,  -0.02000,
,,,-00.285600000000,  -0.02000,
,,,-00.285200000000,  -0.02000,
,,,-00.284800000000,  -0.02000,
,,,-00.284400000000,  -0.04000,
,,,-00.284000000000,  -0.04000,
,,,-00.283600000000,  -0.02000,
,,,-00.283200000000,  -0.02000,
,,,-00.282800000000,  -0.02000,
,,,-00.282400000000,  -0.04000,
,,,-00.282000000000,  -0.02000,
,,,-00.281600000000,  -0.02000,
,,,-00.281200000000,  -0.02000,
,,,-00.280800000000,  -0.02000,
,,,-00.280400000000,  -0.02000,
,,,-00.280000000000,   0.00000,
,,,-00.279600000000,  -0.02000,
,,,-00.279200000000,  -0.04000,
,,,-00.278800000000,  -0.04000,
,,,-00.278400000000,  -0.02000,
,,,-00.278000000000,  -0.04000,
,,,-00.277600000000,  -0.02000,
,,,-00.277200000000,  -0.02000,
,,,-00.276800000000,  -0.02000,
,,,-00.276400000000,  -0.02000,
,,,-00.276000000000,  -0.04000,
,,,-00.275600000000,  -0.02000,
,,,-00.275200000000,  -0.02000,
,,,-00.274800000000,  -0.02000,
,,,-00.274400000000,  -0.02000,
,,,-00.274000000000,  -0.02000,
,,,-00.273600000000,  -0.04000,
,,,-00.273200000000,  -0.02000,
,,,-00.272800000000,  -0.02000,
,,,-00.272400000000,  -0.02000,
,,,-00.272000000000,  -0.02000,
,,,-00.271600000000,  -0.02000,
,,,-00.271200000000,  -0.04000,
,,,-00.270800000000,  -0.02000,
,,,-00.270400000000,  -0.04000,
,,,-00.270000000000,  -0.02000,
,,,-00.269600000000,  -0.02000,
,,,-00.269200000000,  -0.04000,
,,,-00.268800000000,  -0.02000,
,,,-00.268400000000,  -0.02000,
,,,-00.268000000000,  -0.02000,
,,,-00.267600000000,   0.00000,
,,,-00.267200000000,  -0.04000,
,,,-00.266800000000,  -0.02000,
,,,-00.266400000000,  -0.04000,
,,,-00.266000000000,  -0.02000,
,,,-00.265600000000,   0.00000,
,,,-00.265200000000,  -0.02000,
,,,-00.264800000000,  -0.02000,
,,,-00.264400000000,  -0.04000,
,,,-00.264000000000,  -0.02000,
,,,-00.263600000000,   0.00000,
,,,-00.263200000000,  -0.02000,
,,,-00.262800000000,  -0.04000,
,,,-00.262400000000,  -0.02000,
,,,-00.262000000000,  -0.04000,
,,,-00.261600000000,  -0.02000,
,,,-00.261200000000,  -0.02000,
,,,-00.260800000000,  -0.04000,
,,,-00.260400000000,  -0.02000,
,,,-00.260000000000,  -0.04000,
,,,-00.259600000000,  -0.04000,
,,,-00.259200000000,   0.00000,
,,,-00.258800000000,  -0.02000,
,,,-00.258400000000,  -0.02000,
,,,-00.258000000000,   0.00000,
,,,-00.257600000000,  -0.02000,
,,,-00.257200000000,  -0.02000,
,,,-00.256800000000,  -0.02000,
,,,-00.256400000000,  -0.04000,
,,,-00.256000000000,   0.00000,
,,,-00.255600000000,  -0.02000,
,,,-00.255200000000,  -0.02000,
,,,-00.254800000000,  -0.02000,
,,,-00.254400000000,  -0.02000,
,,,-00.254000000000,  -0.02000,
,,,-00.253600000000,  -0.02000,
,,,-00.253200000000,  -0.02000,
,,,-00.252800000000,  -0.04000,
,,,-00.252400000000,  -0.02000,
,,,-00.252000000000,  -0.02000,
,,,-00.251600000000,  -0.02000,
,,,-00.251200000000,  -0.02000,
,,,-00.250800000000,  -0.02000,
,,,-00.250400000000,  -0.02000,
,,,-00.250000000000,  -0.02000,
,,,-00.249600000000,   0.00000,
,,,-00.249200000000,  -0.02000,
,,,-00.248800000000,  -0.02000,
,,,-00.248400000000,  -0.02000,
,,,-00.248000000000,  -0.02000,
,,,-00.247600000000,  -0.02000,
,,,-00.247200000000,  -0.02000,
,,,-00.246800000000,  -0.02000,
,,,-00.246400000000,  -0.02000,
,,,-00.246000000000,  -0.04000,
,,,-00.245600000000,  -0.02000,
,,,-00.245200000000,  -0.02000,
,,,-00.244800000000,  -0.02000,
,,,-00.244400000000,  -0.04000,
,,,-00.244000000000,  -0.02000,
,,,-00.243600000000,  -0.04000,
,,,-00.243200000000,   0.00000,
,,,-00.242800000000,  -0.02000,
,,,-00.242400000000,  -0.02000,
,,,-00.242000000000,  -0.02000,
,,,-00.241600000000,  -0.02000,
,,,-00.241200000000,   0.00000,
,,,-00.240800000000,   0.00000,
,,,-00.240400000000,  -0.02000,
,,,-00.240000000000,  -0.02000,
,,,-00.239600000000,  -0.04000,
,,,-00.239200000000,  -0.02000,
,,,-00.238800000000,  -0.02000,
,,,-00.238400000000,   0.00000,
,,,-00.238000000000,  -0.02000,
,,,-00.237600000000,  -0.02000,
,,,-00.237200000000,  -0.02000,
,,,-00.236800000000,  -0.02000,
,,,-00.236400000000,  -0.04000,
,,,-00.236000000000,  -0.02000,
,,,-00.235600000000,  -0.02000,
,,,-00.235200000000,  -0.02000,
,,,-00.234800000000,  -0.02000,
,,,-00.234400000000,   0.00000,
,,,-00.234000000000,   0.00000,
,,,-00.233600000000,  -0.02000,
,,,-00.233200000000,  -0.02000,
,,,-00.232800000000,  -0.02000,
,,,-00.232400000000,  -0.02000,
,,,-00.232000000000,  -0.02000,
,,,-00.231600000000,  -0.02000,
,,,-00.231200000000,  -0.02000,
,,,-00.230800000000,  -0.02000,
,,,-00.230400000000,  -0.02000,
,,,-00.230000000000,  -0.02000,
,,,-00.229600000000,  -0.04000,
,,,-00.229200000000,  -0.02000,
,,,-00.228800000000,   0.00000,
,,,-00.228400000000,  -0.02000,
,,,-00.228000000000,  -0.04000,
,,,-00.227600000000,  -0.02000,
,,,-00.227200000000,  -0.02000,
,,,-00.226800000000,  -0.02000,
,,,-00.226400000000,  -0.02000,
,,,-00.226000000000,  -0.04000,
,,,-00.225600000000,  -0.02000,
,,,-00.225200000000,  -0.02000,
,,,-00.224800000000,  -0.02000,
,,,-00.224400000000,  -0.02000,
,,,-00.224000000000,  -0.02000,
,,,-00.223600000000,  -0.02000,
,,,-00.223200000000,  -0.02000,
,,,-00.222800000000,  -0.02000,
,,,-00.222400000000,  -0.02000,
,,,-00.222000000000,  -0.02000,
,,,-00.221600000000,  -0.02000,
,,,-00.221200000000,  -0.04000,
,,,-00.220800000000,  -0.02000,
,,,-00.220400000000,   0.00000,
,,,-00.220000000000,  -0.02000,
,,,-00.219600000000,  -0.02000,
,,,-00.219200000000,  -0.02000,
,,,-00.218800000000,  -0.02000,
,,,-00.218400000000,   0.00000,
,,,-00.218000000000,  -0.02000,
,,,-00.217600000000,  -0.04000,
,,,-00.217200000000,  -0.02000,
,,,-00.216800000000,  -0.02000,
,,,-00.216400000000,  -0.02000,
,,,-00.216000000000,  -0.04000,
,,,-00.215600000000,  -0.04000,
,,,-00.215200000000,  -0.02000,
,,,-00.214800000000,  -0.02000,
,,,-00.214400000000,  -0.02000,
,,,-00.214000000000,   0.00000,
,,,-00.213600000000,  -0.02000,
,,,-00.213200000000,  -0.04000,
,,,-00.212800000000,  -0.02000,
,,,-00.212400000000,  -0.02000,
,,,-00.212000000000,  -0.02000,
,,,-00.211600000000,  -0.02000,
,,,-00.211200000000,  -0.02000,
,,,-00.210800000000,  -0.02000,
,,,-00.210400000000,  -0.04000,
,,,-00.210000000000,  -0.02000,
,,,-00.209600000000,  -0.02000,
,,,-00.209200000000,  -0.04000,
,,,-00.208800000000,  -0.02000,
,,,-00.208400000000,  -0.04000,
,,,-00.208000000000,  -0.02000,
,,,-00.207600000000,   0.00000,
,,,-00.207200000000,  -0.04000,
,,,-00.206800000000,  -0.02000,
,,,-00.206400000000,  -0.02000,
,,,-00.206000000000,  -0.02000,
,,,-00.205600000000,  -0.02000,
,,,-00.205200000000,  -0.02000,
,,,-00.204800000000,  -0.04000,
,,,-00.204400000000,   0.00000,
,,,-00.204000000000,  -0.02000,
,,,-00.203600000000,  -0.02000,
,,,-00.203200000000,  -0.02000,
,,,-00.202800000000,  -0.02000,
,,,-00.202400000000,  -0.02000,
,,,-00.202000000000,  -0.02000,
,,,-00.201600000000,  -0.02000,
,,,-00.201200000000,  -0.02000,
,,,-00.200800000000,  -0.02000,
,,,-00.200400000000,  -0.02000,
,,,-00.200000000000,   0.00000,
,,,-00.199600000000,  -0.02000,
,,,-00.199200000000,  -0.02000,
,,,-00.198800000000,   0.00000,
,,,-00.198400000000,  -0.02000,
,,,-00.198000000000,  -0.02000,
,,,-00.197600000000,  -0.02000,
,,,-00.197200000000,  -0.04000,
,,,-00.196800000000,  -0.02000,
,,,-00.196400000000,  -0.02000,
,,,-00.196000000000,  -0.02000,
,,,-00.195600000000,  -0.02000,
,,,-00.195200000000,  -0.02000,
,,,-00.194800000000,  -0.04000,
,,,-00.194400000000,  -0.02000,
,,,-00.194000000000,  -0.02000,
,,,-00.193600000000,  -0.02000,
,,,-00.193200000000,  -0.02000,
,,,-00.192800000000,  -0.02000,
,,,-00.192400000000,  -0.02000,
,,,-00.192000000000,  -0.02000,
,,,-00.191600000000,  -0.04000,
,,,-00.191200000000,  -0.04000,
,,,-00.190800000000,  -0.04000,
,,,-00.190400000000,  -0.04000,
,,,-00.190000000000,  -0.02000,
,,,-00.189600000000,  -0.02000,
,,,-00.189200000000,  -0.02000,
,,,-00.188800000000,  -0.02000,
,,,-00.188400000000,  -0.02000,
,,,-00.188000000000,  -0.02000,
,,,-00.187600000000,  -0.02000,
,,,-00.187200000000,  -0.04000,
,,,-00.186800000000,  -0.02000,
,,,-00.186400000000,  -0.02000,
,,,-00.186000000000,  -0.02000,
,,,-00.185600000000,  -0.02000,
,,,-00.185200000000,  -0.02000,
,,,-00.184800000000,  -0.02000,
,,,-00.184400000000,  -0.02000,
,,,-00.184000000000,  -0.02000,
,,,-00.183600000000,  -0.02000,
,,,-00.183200000000,  -0.02000,
,,,-00.182800000000,  -0.02000,
,,,-00.182400000000,  -0.02000,
,,,-00.182000000000,  -0.02000,
,,,-00.181600000000,  -0.02000,
,,,-00.181200000000,  -0.02000,
,,,-00.180800000000,  -0.02000,
,,,-00.180400000000,  -0.02000,
,,,-00.180000000000,  -0.02000,
,,,-00.179600000000,  -0.02000,
,,,-00.179200000000,  -0.02000,
,,,-00.178800000000,  -0.02000,
,,,-00.178400000000,  -0.02000,
,,,-00.178000000000,  -0.02000,
,,,-00.177600000000,  -0.02000,
,,,-00.177200000000,  -0.02000,
,,,-00.176800000000,  -0.02000,
,,,-00.176400000000,  -0.02000,
,,,-00.176000000000,  -0.02000,
,,,-00.175600000000,  -0.02000,
,,,-00.175200000000,  -0.04000,
,,,-00.174800000000,  -0.02000,
,,,-00.174400000000,  -0.02000,
,,,-00.174000000000,  -0.02000,
,,,-00.173600000000,  -0.04000,
,,,-00.173200000000,  -0.02000,
,,,-00.172800000000,  -0.02000,
,,,-00.172400000000,  -0.02000,
,,,-00.172000000000,  -0.04000,
,,,-00.171600000000,  -0.02000,
,,,-00.171200000000,  -0.04000,
,,,-00.170800000000,  -0.02000,
,,,-00.170400000000,  -0.02000,
,,,-00.170000000000,  -0.02000,
,,,-00.169600000000,  -0.02000,
,,,-00.169200000000,  -0.04000,
,,,-00.168800000000,  -0.02000,
,,,-00.168400000000,  -0.02000,
,,,-00.168000000000,  -0.02000,
,,,-00.167600000000,  -0.02000,
,,,-00.167200000000,  -0.02000,
,,,-00.166800000000,  -0.02000,
,,,-00.166400000000,  -0.04000,
,,,-00.166000000000,  -0.02000,
,,,-00.165600000000,   0.00000,
,,,-00.165200000000,  -0.02000,
,,,-00.164800000000,  -0.02000,
,,,-00.164400000000,  -0.04000,
,,,-00.164000000000,  -0.02000,
,,,-00.163600000000,  -0.02000,
,,,-00.163200000000,  -0.02000,
,,,-00.162800000000,  -0.02000,
,,,-00.162400000000,  -0.02000,
,,,-00.162000000000,  -0.02000,
,,,-00.161600000000,  -0.02000,
,,,-00.161200000000,  -0.02000,
,,,-00.160800000000,  -0.02000,
,,,-00.160400000000,  -0.02000,
,,,-00.160000000000,  -0.02000,
,,,-00.159600000000,   0.00000,
,,,-00.159200000000,  -0.02000,
,,,-00.158800000000,  -0.02000,
,,,-00.158400000000,  -0.02000,
,,,-00.158000000000,  -0.04000,
,,,-00.157600000000,  -0.02000,
,,,-00.157200000000,  -0.02000,
,,,-00.156800000000,  -0.02000,
,,,-00.156400000000,  -0.02000,
,,,-00.156000000000,  -0.02000,
,,,-00.155600000000,  -0.02000,
,,,-00.155200000000,  -0.02000,
,,,-00.154800000000,  -0.02000,
,,,-00.154400000000,  -0.02000,
,,,-00.154000000000,  -0.02000,
,,,-00.153600000000,  -0.02000,
,,,-00.153200000000,  -0.02000,
,,,-00.152800000000,  -0.02000,
,,,-00.152400000000,  -0.02000,
,,,-00.152000000000,  -0.02000,
,,,-00.151600000000,  -0.02000,
,,,-00.151200000000,  -0.02000,
,,,-00.150800000000,  -0.02000,
,,,-00.150400000000,  -0.02000,
,,,-00.150000000000,  -0.02000,
,,,-00.149600000000,  -0.02000,
,,,-00.149200000000,  -0.02000,
,,,-00.148800000000,  -0.02000,
,,,-00.148400000000,  -0.02000,
,,,-00.148000000000,   0.00000,
,,,-00.147600000000,  -0.04000,
,,,-00.147200000000,  -0.02000,
,,,-00.146800000000,  -0.02000,
,,,-00.146400000000,  -0.02000,
,,,-00.146000000000,  -0.02000,
,,,-00.145600000000,  -0.02000,
,,,-00.145200000000,  -0.04000,
,,,-00.144800000000,  -0.02000,
,,,-00.144400000000,  -0.02000,
,,,-00.144000000000,  -0.02000,
,,,-00.143600000000,  -0.02000,
,,,-00.143200000000,  -0.02000,
,,,-00.142800000000,  -0.02000,
,,,-00.142400000000,  -0.02000,
,,,-00.142000000000,  -0.02000,
,,,-00.141600000000,  -0.02000,
,,,-00.141200000000,  -0.02000,
,,,-00.140800000000,  -0.02000,
,,,-00.140400000000,  -0.02000,
,,,-00.140000000000,   0.00000,
,,,-00.139600000000,  -0.02000,
,,,-00.139200000000,  -0.04000,
,,,-00.138800000000,  -0.02000,
,,,-00.138400000000,  -0.02000,
,,,-00.138000000000,  -0.02000,
,,,-00.137600000000,   0.00000,
,,,-00.137200000000,  -0.02000,
,,,-00.136800000000,  -0.04000,
,,,-00.136400000000,  -0.02000,
,,,-00.136000000000,  -0.04000,
,,,-00.135600000000,  -0.02000,
,,,-00.135200000000,  -0.02000,
,,,-00.134800000000,  -0.02000,
,,,-00.134400000000,  -0.02000,
,,,-00.134000000000,  -0.02000,
,,,-00.133600000000,  -0.02000,
,,,-00.133200000000,  -0.02000,
,,,-00.132800000000,  -0.02000,
,,,-00.132400000000,  -0.02000,
,,,-00.132000000000,  -0.02000,
,,,-00.131600000000,  -0.04000,
,,,-00.131200000000,  -0.02000,
,,,-00.130800000000,  -0.02000,
,,,-00.130400000000,  -0.02000,
,,,-00.130000000000,  -0.02000,
,,,-00.129600000000,  -0.02000,
,,,-00.129200000000,  -0.02000,
,,,-00.128800000000,  -0.02000,
,,,-00.128400000000,  -0.02000,
,,,-00.128000000000,  -0.04000,
,,,-00.127600000000,  -0.02000,
,,,-00.127200000000,  -0.04000,
,,,-00.126800000000,  -0.02000,
,,,-00.126400000000,  -0.02000,
,,,-00.126000000000,  -0.02000,
,,,-00.125600000000,  -0.02000,
,,,-00.125200000000,  -0.02000,
,,,-00.124800000000,  -0.02000,
,,,-00.124400000000,  -0.02000,
,,,-00.124000000000,  -0.02000,
,,,-00.123600000000,  -0.02000,
,,,-00.123200000000,  -0.02000,
,,,-00.122800000000,  -0.02000,
,,,-00.122400000000,  -0.02000,
,,,-00.122000000000,  -0.02000,
,,,-00.121600000000,  -0.02000,
,,,-00.121200000000,  -0.02000,
,,,-00.120800000000,  -0.02000,
,,,-00.120400000000,  -0.02000,
,,,-00.120000000000,  -0.02000,
,,,-00.119600000000,  -0.02000,
,,,-00.119200000000,  -0.02000,
,,,-00.118800000000,  -0.02000,
,,,-00.118400000000,  -0.02000,
,,,-00.118000000000,  -0.02000,
,,,-00.117600000000,   0.00000,
,,,-00.117200000000,  -0.02000,
,,,-00.116800000000,  -0.02000,
,,,-00.116400000000,  -0.02000,
,,,-00.116000000000,  -0.02000,
,,,-00.115600000000,  -0.02000,
,,,-00.115200000000,  -0.04000,
,,,-00.114800000000,  -0.04000,
,,,-00.114400000000,  -0.02000,
,,,-00.114000000000,  -0.02000,
,,,-00.113600000000,  -0.02000,
,,,-00.113200000000,  -0.02000,
,,,-00.112800000000,  -0.04000,
,,,-00.112400000000,  -0.02000,
,,,-00.112000000000,  -0.02000,
,,,-00.111600000000,  -0.02000,
,,,-00.111200000000,  -0.02000,
,,,-00.110800000000,  -0.02000,
,,,-00.110400000000,  -0.02000,
,,,-00.110000000000,  -0.04000,
,,,-00.109600000000,  -0.02000,
,,,-00.109200000000,  -0.02000,
,,,-00.108800000000,   0.00000,
,,,-00.108400000000,  -0.04000,
,,,-00.108000000000,  -0.02000,
,,,-00.107600000000,  -0.04000,
,,,-00.107200000000,  -0.04000,
,,,-00.106800000000,  -0.02000,
,,,-00.106400000000,  -0.02000,
,,,-00.106000000000,  -0.02000,
,,,-00.105600000000,  -0.02000,
,,,-00.105200000000,  -0.04000,
,,,-00.104800000000,  -0.02000,
,,,-00.104400000000,  -0.02000,
,,,-00.104000000000,  -0.02000,
,,,-00.103600000000,  -0.02000,
,,,-00.103200000000,  -0.02000,
,,,-00.102800000000,   0.00000,
,,,-00.102400000000,  -0.02000,
,,,-00.102000000000,  -0.02000,
,,,-00.101600000000,  -0.02000,
,,,-00.101200000000,  -0.02000,
,,,-00.100800000000,  -0.02000,
,,,-00.100400000000,  -0.02000,
,,,-00.100000000000,  -0.04000,
,,,-00.099600000000,   0.00000,
,,,-00.099200000000,  -0.04000,
,,,-00.098800000000,  -0.02000,
,,,-00.098400000000,  -0.02000,
,,,-00.098000000000,  -0.02000,
,,,-00.097600000000,  -0.02000,
,,,-00.097200000000,  -0.02000,
,,,-00.096800000000,  -0.02000,
,,,-00.096400000000,  -0.02000,
,,,-00.096000000000,  -0.02000,
,,,-00.095600000000,  -0.02000,
,,,-00.095200000000,  -0.02000,
,,,-00.094800000000,  -0.02000,
,,,-00.094400000000,  -0.02000,
,,,-00.094000000000,  -0.04000,
,,,-00.093600000000,  -0.02000,
,,,-00.093200000000,   0.00000,
,,,-00.092800000000,  -0.02000,
,,,-00.092400000000,  -0.04000,
,,,-00.092000000000,  -0.02000,
,,,-00.091600000000,  -0.02000,
,,,-00.091200000000,  -0.02000,
,,,-00.090800000000,  -0.02000,
,,,-00.090400000000,  -0.02000,
,,,-00.090000000000,  -0.02000,
,,,-00.089600000000,   0.00000,
,,,-00.089200000000,  -0.02000,
,,,-00.088800000000,   0.00000,
,,,-00.088400000000,  -0.04000,
,,,-00.088000000000,  -0.04000,
,,,-00.087600000000,  -0.02000,
,,,-00.087200000000,  -0.02000,
,,,-00.086800000000,  -0.04000,
,,,-00.086400000000,   0.00000,
,,,-00.086000000000,   0.00000,
,,,-00.085600000000,  -0.02000,
,,,-00.085200000000,  -0.02000,
,,,-00.084800000000,  -0.02000,
,,,-00.084400000000,  -0.02000,
,,,-00.084000000000,  -0.02000,
,,,-00.083600000000,  -0.02000,
,,,-00.083200000000,  -0.02000,
,,,-00.082800000000,  -0.02000,
,,,-00.082400000000,  -0.02000,
,,,-00.082000000000,  -0.02000,
,,,-00.081600000000,  -0.02000,
,,,-00.081200000000,  -0.04000,
,,,-00.080800000000,  -0.02000,
,,,-00.080400000000,  -0.02000,
,,,-00.080000000000,  -0.02000,
,,,-00.079600000000,  -0.02000,
,,,-00.079200000000,  -0.02000,
,,,-00.078800000000,  -0.02000,
,,,-00.078400000000,  -0.02000,
,,,-00.078000000000,  -0.02000,
,,,-00.077600000000,  -0.02000,
,,,-00.077200000000,  -0.02000,
,,,-00.076800000000,  -0.02000,
,,,-00.076400000000,  -0.02000,
,,,-00.076000000000,  -0.04000,
,,,-00.075600000000,  -0.04000,
,,,-00.075200000000,  -0.04000,
,,,-00.074800000000,  -0.02000,
,,,-00.074400000000,  -0.02000,
,,,-00.074000000000,   0.00000,
,,,-00.073600000000,  -0.04000,
,,,-00.073200000000,  -0.04000,
,,,-00.072800000000,  -0.02000,
,,,-00.072400000000,  -0.04000,
,,,-00.072000000000,  -0.02000,
,,,-00.071600000000,  -0.02000,
,,,-00.071200000000,   0.00000,
,,,-00.070800000000,  -0.04000,
,,,-00.070400000000,  -0.02000,
,,,-00.070000000000,  -0.02000,
,,,-00.069600000000,  -0.02000,
,,,-00.069200000000,  -0.02000,
,,,-00.068800000000,  -0.02000,
,,,-00.068400000000,  -0.02000,
,,,-00.068000000000,  -0.02000,
,,,-00.067600000000,  -0.02000,
,,,-00.067200000000,  -0.02000,
,,,-00.066800000000,  -0.04000,
,,,-00.066400000000,  -0.02000,
,,,-00.066000000000,  -0.02000,
,,,-00.065600000000,  -0.02000,
,,,-00.065200000000,  -0.02000,
,,,-00.064800000000,  -0.02000,
,,,-00.064400000000,  -0.04000,
,,,-00.064000000000,  -0.02000,
,,,-00.063600000000,  -0.02000,
,,,-00.063200000000,  -0.02000,
,,,-00.062800000000,  -0.02000,
,,,-00.062400000000,  -0.02000,
,,,-00.062000000000,  -0.02000,
,,,-00.061600000000,  -0.02000,
,,,-00.061200000000,  -0.02000,
,,,-00.060800000000,  -0.02000,
,,,-00.060400000000,  -0.02000,
,,,-00.060000000000,  -0.02000,
,,,-00.059600000000,  -0.02000,
,,,-00.059200000000,   0.00000,
,,,-00.058800000000,  -0.04000,
,,,-00.058400000000,  -0.04000,
,,,-00.058000000000,  -0.04000,
,,,-00.057600000000,  -0.02000,
,,,-00.057200000000,  -0.02000,
,,,-00.056800000000,  -0.02000,
,,,-00.056400000000,  -0.02000,
,,,-00.056000000000,  -0.04000,
,,,-00.055600000000,  -0.04000,
,,,-00.055200000000,  -0.02000,
,,,-00.054800000000,  -0.04000,
,,,-00.054400000000,  -0.02000,
,,,-00.054000000000,  -0.02000,
,,,-00.053600000000,  -0.02000,
,,,-00.053200000000,  -0.02000,
,,,-00.052800000000,  -0.02000,
,,,-00.052400000000,  -0.04000,
,,,-00.052000000000,  -0.02000,
,,,-00.051600000000,  -0.02000,
,,,-00.051200000000,  -0.02000,
,,,-00.050800000000,  -0.02000,
,,,-00.050400000000,  -0.02000,
,,,-00.050000000000,  -0.02000,
,,,-00.049600000000,  -0.02000,
,,,-00.049200000000,  -0.02000,
,,,-00.048800000000,  -0.02000,
,,,-00.048400000000,  -0.02000,
,,,-00.048000000000,  -0.04000,
,,,-00.047600000000,  -0.02000,
,,,-00.047200000000,  -0.02000,
,,,-00.046800000000,  -0.02000,
,,,-00.046400000000,  -0.02000,
,,,-00.046000000000,  -0.02000,
,,,-00.045600000000,  -0.02000,
,,,-00.045200000000,  -0.02000,
,,,-00.044800000000,   0.00000,
,,,-00.044400000000,  -0.02000,
,,,-00.044000000000,  -0.04000,
,,,-00.043600000000,  -0.02000,
,,,-00.043200000000,  -0.02000,
,,,-00.042800000000,  -0.04000,
,,,-00.042400000000,  -0.02000,
,,,-00.042000000000,  -0.02000,
,,,-00.041600000000,  -0.02000,
,,,-00.041200000000,  -0.02000,
,,,-00.040800000000,  -0.02000,
,,,-00.040400000000,  -0.02000,
,,,-00.040000000000,  -0.04000,
,,,-00.039600000000,  -0.02000,
,,,-00.039200000000,  -0.02000,
,,,-00.038800000000,  -0.02000,
,,,-00.038400000000,  -0.02000,
,,,-00.038000000000,  -0.02000,
,,,-00.037600000000,  -0.02000,
,,,-00.037200000000,  -0.02000,
,,,-00.036800000000,  -0.02000,
,,,-00.036400000000,  -0.02000,
,,,-00.036000000000,  -0.02000,
,,,-00.035600000000,  -0.02000,
,,,-00.035200000000,  -0.02000,
,,,-00.034800000000,  -0.02000,
,,,-00.034400000000,  -0.02000,
,,,-00.034000000000,  -0.02000,
,,,-00.033600000000,  -0.02000,
,,,-00.033200000000,  -0.04000,
,,,-00.032800000000,  -0.02000,
,,,-00.032400000000,  -0.02000,
,,,-00.032000000000,  -0.04000,
,,,-00.031600000000,  -0.02000,
,,,-00.031200000000,  -0.02000,
,,,-00.030800000000,  -0.04000,
,,,-00.030400000000,   0.00000,
,,,-00.030000000000,  -0.02000,
,,,-00.029600000000,  -0.04000,
,,,-00.029200000000,  -0.02000,
,,,-00.028800000000,  -0.02000,
,,,-00.028400000000,  -0.02000,
,,,-00.028000000000,  -0.02000,
,,,-00.027600000000,  -0.02000,
,,,-00.027200000000,   0.00000,
,,,-00.026800000000,  -0.04000,
,,,-00.026400000000,  -0.04000,
,,,-00.026000000000,  -0.02000,
,,,-00.025600000000,  -0.02000,
,,,-00.025200000000,  -0.04000,
,,,-00.024800000000,  -0.02000,
,,,-00.024400000000,  -0.02000,
,,,-00.024000000000,  -0.02000,
,,,-00.023600000000,  -0.02000,
,,,-00.023200000000,  -0.02000,
,,,-00.022800000000,  -0.04000,
,,,-00.022400000000,  -0.02000,
,,,-00.022000000000,  -0.04000,
,,,-00.021600000000,   0.00000,
,,,-00.021200000000,  -0.02000,
,,,-00.020800000000,  -0.02000,
,,,-00.020400000000,  -0.02000,
,,,-00.020000000000,  -0.02000,
,,,-00.019600000000,   0.00000,
,,,-00.019200000000,  -0.02000,
,,,-00.018800000000,  -0.02000,
,,,-00.018400000000,  -0.02000,
,,,-00.018000000000,  -0.02000,
,,,-00.017600000000,  -0.02000,
,,,-00.017200000000,  -0.02000,
,,,-00.016800000000,  -0.02000,
,,,-00.016400000000,  -0.02000,
,,,-00.016000000000,  -0.02000,
,,,-00.015600000000,  -0.02000,
,,,-00.015200000000,  -0.02000,
,,,-00.014800000000,  -0.02000,
,,,-00.014400000000,  -0.02000,
,,,-00.014000000000,  -0.02000,
,,,-00.013600000000,  -0.02000,
,,,-00.013200000000,  -0.04000,
,,,-00.012800000000,  -0.02000,
,,,-00.012400000000,  -0.02000,
,,,-00.012000000000,  -0.02000,
,,,-00.011600000000,  -0.04000,
,,,-00.011200000000,  -0.02000,
,,,-00.010800000000,  -0.02000,
,,,-00.010400000000,  -0.02000,
,,,-00.010000000000,  -0.02000,
,,,-00.009600000000,  -0.02000,
,,,-00.009200000000,  -0.04000,
,,,-00.008800000000,  -0.02000,
,,,-00.008400000000,  -0.02000,
,,,-00.008000000000,  -0.02000,
,,,-00.007600000000,  -0.02000,
,,,-00.007200000000,  -0.02000,
,,,-00.006800000000,   0.10000,
,,,-00.006400000000,   0.40000,
,,,-00.006000000000,   0.62000,
,,,-00.005600000000,   0.76000,
,,,-00.005200000000,   0.90000,
,,,-00.004800000000,   1.00000,
,,,-00.004400000000,   1.08000,
,,,-00.004000000000,   1.16000,
,,,-00.003600000000,   1.22000,
,,,-00.003200000000,   1.28000,
,,,-00.002800000000,   1.32000,
,,,-00.002400000000,   1.36000,
,,,-00.002000000000,   1.40000,
,,,-00.001600000000,   1.42000,
,,,-00.001200000000,   1.44000,
,,,-00.000800000000,   1.48000,
,,,-00.000400000000,   1.54000,
,,,-00.000000000000,   1.56000,
,,,00.000400000000,   1.60000,
,,,00.000800000000,   1.60000,
,,,00.001200000000,   1.66000,
,,,00.001600000000,   1.66000,
,,,00.002000000000,   1.68000,
,,,00.002400000000,   1.68000,
,,,00.002800000000,   1.70000,
,,,00.003200000000,   1.70000,
,,,00.003600000000,   1.72000,
,,,00.004000000000,   1.74000,
,,,00.004400000000,   1.74000,
,,,00.004800000000,   1.74000,
,,,00.005200000000,   1.74000,
,,,00.005600000000,   1.74000,
,,,00.006000000000,   1.76000,
,,,00.006400000000,   1.74000,
,,,00.006800000000,   1.68000,
,,,00.007200000000,   1.78000,
,,,00.007600000000,   1.76000,
,,,00.008000000000,   1.76000,
,,,00.008400000000,   1.76000,
,,,00.008800000000,   1.78000,
,,,00.009200000000,   1.76000,
,,,00.009600000000,   1.78000,
,,,00.010000000000,   1.78000,
,,,00.010400000000,   1.78000,
,,,00.010800000000,   1.78000,
,,,00.011200000000,   1.78000,
,,,00.011600000000,   1.78000,
,,,00.012000000000,   1.76000,
,,,00.012400000000,   1.78000,
,,,00.012800000000,   1.78000,
,,,00.013200000000,   1.78000,
,,,00.013600000000,   1.78000,
,,,00.014000000000,   1.80000,
,,,00.014400000000,   1.78000,
,,,00.014800000000,   1.78000,
,,,00.015200000000,   1.78000,
,,,00.015600000000,   1.76000,
,,,00.016000000000,   1.78000,
,,,00.016400000000,   1.78000,
,,,00.016800000000,   1.78000,
,,,00.017200000000,   1.78000,
,,,00.017600000000,   1.78000,
,,,00.018000000000,   1.78000,
,,,00.018400000000,   1.80000,
,,,00.018800000000,   1.78000,
,,,00.019200000000,   1.78000,
,,,00.019600000000,   1.78000,
,,,00.020000000000,   1.76000,
,,,00.020400000000,   1.78000,
,,,00.020800000000,   1.78000,
,,,00.021200000000,   1.78000,
,,,00.021600000000,   1.80000,
,,,00.022000000000,   1.76000,
,,,00.022400000000,   1.78000,
,,,00.022800000000,   1.76000,
,,,00.023200000000,   1.78000,
,,,00.023600000000,   1.78000,
,,,00.024000000000,   1.78000,
,,,00.024400000000,   1.80000,
,,,00.024800000000,   1.78000,
,,,00.025200000000,   1.78000,
,,,00.025600000000,   1.78000,
,,,00.026000000000,   1.78000,
,,,00.026400000000,   1.78000,
,,,00.026800000000,   1.78000,
,,,00.027200000000,   1.78000,
,,,00.027600000000,   1.76000,
,,,00.028000000000,   1.78000,
,,,00.028400000000,   1.78000,
,,,00.028800000000,   1.78000,
,,,00.029200000000,   1.78000,
,,,00.029600000000,   1.78000,
,,,00.030000000000,   1.78000,
,,,00.030400000000,   1.78000,
,,,00.030800000000,   1.78000,
,,,00.031200000000,   1.78000,
,,,00.031600000000,   1.78000,
,,,00.032000000000,   1.78000,
,,,00.032400000000,   1.78000,
,,,00.032800000000,   1.78000,
,,,00.033200000000,   1.78000,
,,,00.033600000000,   1.78000,
,,,00.034000000000,   1.80000,
,,,00.034400000000,   1.78000,
,,,00.034800000000,   1.78000,
,,,00.035200000000,   1.80000,
,,,00.035600000000,   1.78000,
,,,00.036000000000,   1.78000,
,,,00.036400000000,   1.78000,
,,,00.036800000000,   1.78000,
,,,00.037200000000,   1.80000,
,,,00.037600000000,   1.78000,
,,,00.038000000000,   1.78000,
,,,00.038400000000,   1.78000,
,,,00.038800000000,   1.78000,
,,,00.039200000000,   1.78000,
,,,00.039600000000,   1.78000,
,,,00.040000000000,   1.78000,
,,,00.040400000000,   1.78000,
,,,00.040800000000,   1.78000,
,,,00.041200000000,   1.78000,
,,,00.041600000000,   1.78000,
,,,00.042000000000,   1.78000,
,,,00.042400000000,   1.78000,
,,,00.042800000000,   1.80000,
,,,00.043200000000,   1.78000,
,,,00.043600000000,   1.80000,
,,,00.044000000000,   1.78000,
,,,00.044400000000,   1.78000,
,,,00.044800000000,   1.78000,
,,,00.045200000000,   1.78000,
,,,00.045600000000,   1.76000,
,,,00.046000000000,   1.78000,
,,,00.046400000000,   1.78000,
,,,00.046800000000,   1.80000,
,,,00.047200000000,   1.78000,
,,,00.047600000000,   1.78000,
,,,00.048000000000,   1.78000,
,,,00.048400000000,   1.80000,
,,,00.048800000000,   1.78000,
,,,00.049200000000,   1.80000,
,,,00.049600000000,   1.78000,
,,,00.050000000000,   1.80000,
,,,00.050400000000,   1.78000,
,,,00.050800000000,   1.78000,
,,,00.051200000000,   1.78000,
,,,00.051600000000,   1.78000,
,,,00.052000000000,   1.80000,
,,,00.052400000000,   1.78000,
,,,00.052800000000,   1.80000,
,,,00.053200000000,   1.76000,
,,,00.053600000000,   1.80000,
,,,00.054000000000,   1.78000,
,,,00.054400000000,   1.78000,
,,,00.054800000000,   1.78000,
,,,00.055200000000,   1.78000,
,,,00.055600000000,   1.78000,
,,,00.056000000000,   1.80000,
,,,00.056400000000,   1.78000,
,,,00.056800000000,   1.78000,
,,,00.057200000000,   1.78000,
,,,00.057600000000,   1.78000,
,,,00.058000000000,   1.78000,
,,,00.058400000000,   1.78000,
,,,00.058800000000,   1.78000,
,,,00.059200000000,   1.78000,
,,,00.059600000000,   1.78000,
,,,00.060000000000,   1.78000,
,,,00.060400000000,   1.78000,
,,,00.060800000000,   1.76000,
,,,00.061200000000,   1.78000,
,,,00.061600000000,   1.80000,
,,,00.062000000000,   1.78000,
,,,00.062400000000,   1.78000,
,,,00.062800000000,   1.78000,
,,,00.063200000000,   1.78000,
,,,00.063600000000,   1.78000,
,,,00.064000000000,   1.78000,
,,,00.064400000000,   1.78000,
,,,00.064800000000,   1.80000,
,,,00.065200000000,   1.78000,
,,,00.065600000000,   1.78000,
,,,00.066000000000,   1.80000,
,,,00.066400000000,   1.78000,
,,,00.066800000000,   1.78000,
,,,00.067200000000,   1.78000,
,,,00.067600000000,   1.80000,
,,,00.068000000000,   1.80000,
,,,00.068400000000,   1.80000,
,,,00.068800000000,   1.78000,
,,,00.069200000000,   1.78000,
,,,00.069600000000,   1.76000,
,,,00.070000000000,   1.78000,
,,,00.070400000000,   1.78000,
,,,00.070800000000,   1.80000,
,,,00.071200000000,   1.78000,
,,,00.071600000000,   1.78000,
,,,00.072000000000,   1.78000,
,,,00.072400000000,   1.78000,
,,,00.072800000000,   1.78000,
,,,00.073200000000,   1.78000,
,,,00.073600000000,   1.80000,
,,,00.074000000000,   1.76000,
,,,00.074400000000,   1.78000,
,,,00.074800000000,   1.78000,
,,,00.075200000000,   1.78000,
,,,00.075600000000,   1.78000,
,,,00.076000000000,   1.78000,
,,,00.076400000000,   1.78000,
,,,00.076800000000,   1.78000,
,,,00.077200000000,   1.78000,
,,,00.077600000000,   1.78000,
,,,00.078000000000,   1.78000,
,,,00.078400000000,   1.78000,
,,,00.078800000000,   1.78000,
,,,00.079200000000,   1.80000,
,,,00.079600000000,   1.78000,
,,,00.080000000000,   1.78000,
,,,00.080400000000,   1.80000,
,,,00.080800000000,   1.78000,
,,,00.081200000000,   1.78000,
,,,00.081600000000,   1.78000,
,,,00.082000000000,   1.78000,
,,,00.082400000000,   1.78000,
,,,00.082800000000,   1.78000,
,,,00.083200000000,   1.78000,
,,,00.083600000000,   1.78000,
,,,00.084000000000,   1.78000,
,,,00.084400000000,   1.78000,
,,,00.084800000000,   1.78000,
,,,00.085200000000,   1.80000,
,,,00.085600000000,   1.78000,
,,,00.086000000000,   1.78000,
,,,00.086400000000,   1.78000,
,,,00.086800000000,   1.78000,
,,,00.087200000000,   1.78000,
,,,00.087600000000,   1.78000,
,,,00.088000000000,   1.80000,
,,,00.088400000000,   1.78000,
,,,00.088800000000,   1.76000,
,,,00.089200000000,   1.78000,
,,,00.089600000000,   1.78000,
,,,00.090000000000,   1.80000,
,,,00.090400000000,   1.78000,
,,,00.090800000000,   1.78000,
,,,00.091200000000,   1.76000,
,,,00.091600000000,   1.78000,
,,,00.092000000000,   1.78000,
,,,00.092400000000,   1.78000,
,,,00.092800000000,   1.80000,
,,,00.093200000000,   1.78000,
,,,00.093600000000,   1.76000,
,,,00.094000000000,   1.76000,
,,,00.094400000000,   1.74000,
,,,00.094800000000,   1.72000,
,,,00.095200000000,   1.74000,
,,,00.095600000000,   1.72000,
,,,00.096000000000,   1.70000,
,,,00.096400000000,   1.70000,
,,,00.096800000000,   1.72000,
,,,00.097200000000,   1.70000,
,,,00.097600000000,   1.70000,
,,,00.098000000000,   1.68000,
,,,00.098400000000,   1.68000,
,,,00.098800000000,   1.66000,
,,,00.099200000000,   1.64000,
,,,00.099600000000,   1.64000,
,,,00.100000000000,   1.62000,
,,,00.100400000000,   1.62000,
,,,00.100800000000,   1.62000,
,,,00.101200000000,   1.62000,
,,,00.101600000000,   1.58000,
,,,00.102000000000,   1.58000,
,,,00.102400000000,   1.58000,
,,,00.102800000000,   1.58000,
,,,00.103200000000,   1.56000,
,,,00.103600000000,   1.54000,
,,,00.104000000000,   1.54000,
,,,00.104400000000,   1.54000,
,,,00.104800000000,   1.54000,
,,,00.105200000000,   1.52000,
,,,00.105600000000,   1.52000,
,,,00.106000000000,   1.50000,
,,,00.106400000000,   1.52000,
,,,00.106800000000,   1.50000,
,,,00.107200000000,   1.50000,
,,,00.107600000000,   1.48000,
,,,00.108000000000,   1.50000,
,,,00.108400000000,   1.46000,
,,,00.108800000000,   1.46000,
,,,00.109200000000,   1.44000,
,,,00.109600000000,   1.46000,
,,,00.110000000000,   1.44000,
,,,00.110400000000,   1.44000,
,,,00.110800000000,   1.44000,
,,,00.111200000000,   1.42000,
,,,00.111600000000,   1.42000,
,,,00.112000000000,   1.40000,
,,,00.112400000000,   1.42000,
,,,00.112800000000,   1.40000,
,,,00.113200000000,   1.40000,
,,,00.113600000000,   1.38000,
,,,00.114000000000,   1.38000,
,,,00.114400000000,   1.36000,
,,,00.114800000000,   1.34000,
,,,00.115200000000,   1.36000,
,,,00.115600000000,   1.36000,
,,,00.116000000000,   1.36000,
,,,00.116400000000,   1.32000,
,,,00.116800000000,   1.34000,
,,,00.117200000000,   1.34000,
,,,00.117600000000,   1.32000,
,,,00.118000000000,   1.32000,
,,,00.118400000000,   1.32000,
,,,00.118800000000,   1.32000,
,,,00.119200000000,   1.30000,
,,,00.119600000000,   1.28000,
,,,00.120000000000,   1.28000,
,,,00.120400000000,   1.28000,
,,,00.120800000000,   1.28000,
,,,00.121200000000,   1.26000,
,,,00.121600000000,   1.26000,
,,,00.122000000000,   1.24000,
,,,00.122400000000,   1.24000,
,,,00.122800000000,   1.24000,
,,,00.123200000000,   1.24000,
,,,00.123600000000,   1.22000,
,,,00.124000000000,   1.22000,
,,,00.124400000000,   1.22000,
,,,00.124800000000,   1.22000,
,,,00.125200000000,   1.22000,
,,,00.125600000000,   1.20000,
,,,00.126000000000,   1.20000,
,,,00.126400000000,   1.20000,
,,,00.126800000000,   1.18000,
,,,00.127200000000,   1.18000,
,,,00.127600000000,   1.18000,
,,,00.128000000000,   1.16000,
,,,00.128400000000,   1.16000,
,,,00.128800000000,   1.14000,
,,,00.129200000000,   1.14000,
,,,00.129600000000,   1.16000,
,,,00.130000000000,   1.14000,
,,,00.130400000000,   1.14000,
,,,00.130800000000,   1.12000,
,,,00.131200000000,   1.12000,
,,,00.131600000000,   1.14000,
,,,00.132000000000,   1.12000,
,,,00.132400000000,   1.12000,
,,,00.132800000000,   1.12000,
,,,00.133200000000,   1.12000,
,,,00.133600000000,   1.10000,
,,,00.134000000000,   1.08000,
,,,00.134400000000,   1.10000,
,,,00.134800000000,   1.08000,
,,,00.135200000000,   1.08000,
,,,00.135600000000,   1.08000,
,,,00.136000000000,   1.06000,
,,,00.136400000000,   1.06000,
,,,00.136800000000,   1.06000,
,,,00.137200000000,   1.06000,
,,,00.137600000000,   1.04000,
,,,00.138000000000,   1.04000,
,,,00.138400000000,   1.04000,
,,,00.138800000000,   1.04000,
,,,00.139200000000,   1.04000,
,,,00.139600000000,   1.02000,
,,,00.140000000000,   1.02000,
,,,00.140400000000,   1.02000,
,,,00.140800000000,   1.00000,
,,,00.141200000000,   1.00000,
,,,00.141600000000,   1.00000,
,,,00.142000000000,   0.98000,
,,,00.142400000000,   0.98000,
,,,00.142800000000,   0.96000,
,,,00.143200000000,   0.98000,
,,,00.143600000000,   0.98000,
,,,00.144000000000,   0.98000,
,,,00.144400000000,   0.96000,
,,,00.144800000000,   0.96000,
,,,00.145200000000,   0.96000,
,,,00.145600000000,   0.96000,
,,,00.146000000000,   0.96000,
,,,00.146400000000,   0.96000,
,,,00.146800000000,   0.94000,
,,,00.147200000000,   0.94000,
,,,00.147600000000,   0.94000,
,,,00.148000000000,   0.94000,
,,,00.148400000000,   0.94000,
,,,00.148800000000,   0.90000,
,,,00.149200000000,   0.92000,
,,,00.149600000000,   0.92000,
,,,00.150000000000,   0.90000,
,,,00.150400000000,   0.90000,
,,,00.150800000000,   0.92000,
,,,00.151200000000,   0.90000,
,,,00.151600000000,   0.90000,
,,,00.152000000000,   0.88000,
,,,00.152400000000,   0.88000,
,,,00.152800000000,   0.88000,
,,,00.153200000000,   0.88000,
,,,00.153600000000,   0.88000,
,,,00.154000000000,   0.86000,
,,,00.154400000000,   0.86000,
,,,00.154800000000,   0.86000,
,,,00.155200000000,   0.84000,
,,,00.155600000000,   0.84000,
,,,00.156000000000,   0.86000,
,,,00.156400000000,   0.82000,
,,,00.156800000000,   0.84000,
,,,00.157200000000,   0.84000,
,,,00.157600000000,   0.84000,
,,,00.158000000000,   0.84000,
,,,00.158400000000,   0.84000,
,,,00.158800000000,   0.82000,
,,,00.159200000000,   0.80000,
,,,00.159600000000,   0.82000,
,,,00.160000000000,   0.80000,
,,,00.160400000000,   0.82000,
,,,00.160800000000,   0.80000,
,,,00.161200000000,   0.80000,
,,,00.161600000000,   0.78000,
,,,00.162000000000,   0.78000,
,,,00.162400000000,   0.80000,
,,,00.162800000000,   0.78000,
,,,00.163200000000,   0.74000,
,,,00.163600000000,   0.76000,
,,,00.164000000000,   0.76000,
,,,00.164400000000,   0.74000,
,,,00.164800000000,   0.76000,
,,,00.165200000000,   0.74000,
,,,00.165600000000,   0.74000,
,,,00.166000000000,   0.74000,
,,,00.166400000000,   0.76000,
,,,00.166800000000,   0.74000,
,,,00.167200000000,   0.72000,
,,,00.167600000000,   0.74000,
,,,00.168000000000,   0.74000,
,,,00.168400000000,   0.74000,
,,,00.168800000000,   0.74000,
,,,00.169200000000,   0.74000,
,,,00.169600000000,   0.72000,
,,,00.170000000000,   0.72000,
,,,00.170400000000,   0.72000,
,,,00.170800000000,   0.72000,
,,,00.171200000000,   0.70000,
,,,00.171600000000,   0.68000,
,,,00.172000000000,   0.70000,
,,,00.172400000000,   0.70000,
,,,00.172800000000,   0.70000,
,,,00.173200000000,   0.70000,
,,,00.173600000000,   0.68000,
,,,00.174000000000,   0.68000,
,,,00.174400000000,   0.68000,
,,,00.174800000000,   0.68000,
,,,00.175200000000,   0.66000,
,,,00.175600000000,   0.68000,
,,,00.176000000000,   0.66000,
,,,00.176400000000,   0.66000,
,,,00.176800000000,   0.66000,
,,,00.177200000000,   0.66000,
,,,00.177600000000,   0.64000,
,,,00.178000000000,   0.64000,
,,,00.178400000000,   0.64000,
,,,00.178800000000,   0.64000,
,,,00.179200000000,   0.64000,
,,,00.179600000000,   0.64000,
,,,00.180000000000,   0.64000,
,,,00.180400000000,   0.64000,
,,,00.180800000000,   0.64000,
,,,00.181200000000,   0.62000,
,,,00.181600000000,   0.62000,
,,,00.182000000000,   0.62000,
,,,00.182400000000,   0.62000,
,,,00.182800000000,   0.60000,
,,,00.183200000000,   0.60000,
,,,00.183600000000,   0.62000,
,,,00.184000000000,   0.60000,
,,,00.184400000000,   0.60000,
,,,00.184800000000,   0.60000,
,,,00.185200000000,   0.60000,
,,,00.185600000000,   0.60000,
,,,00.186000000000,   0.60000,
,,,00.186400000000,   0.58000,
,,,00.186800000000,   0.58000,
,,,00.187200000000,   0.58000,
,,,00.187600000000,   0.58000,
,,,00.188000000000,   0.58000,
,,,00.188400000000,   0.58000,
,,,00.188800000000,   0.58000,
,,,00.189200000000,   0.56000,
,,,00.189600000000,   0.56000,
,,,00.190000000000,   0.56000,
,,,00.190400000000,   0.58000,
,,,00.190800000000,   0.56000,
,,,00.191200000000,   0.54000,
,,,00.191600000000,   0.56000,
,,,00.192000000000,   0.54000,
,,,00.192400000000,   0.56000,
,,,00.192800000000,   0.56000,
,,,00.193200000000,   0.54000,
,,,00.193600000000,   0.54000,
,,,00.194000000000,   0.54000,
,,,00.194400000000,   0.54000,
,,,00.194800000000,   0.54000,
,,,00.195200000000,   0.54000,
,,,00.195600000000,   0.52000,
,,,00.196000000000,   0.54000,
,,,00.196400000000,   0.52000,
,,,00.196800000000,   0.52000,
,,,00.197200000000,   0.52000,
,,,00.197600000000,   0.52000,
,,,00.198000000000,   0.52000,
,,,00.198400000000,   0.52000,
,,,00.198800000000,   0.50000,
,,,00.199200000000,   0.52000,
,,,00.199600000000,   0.50000,
,,,00.200000000000,   0.52000,
,,,00.200400000000,   0.50000,
,,,00.200800000000,   0.50000,
,,,00.201200000000,   0.48000,
,,,00.201600000000,   0.50000,
,,,00.202000000000,   0.50000,
,,,00.202400000000,   0.50000,
,,,00.202800000000,   0.48000,
,,,00.203200000000,   0.48000,
,,,00.203600000000,   0.48000,
,,,00.204000000000,   0.48000,
,,,00.204400000000,   0.48000,
,,,00.204800000000,   0.46000,
,,,00.205200000000,   0.48000,
,,,00.205600000000,   0.48000,
,,,00.206000000000,   0.48000,
,,,00.206400000000,   0.46000,
,,,00.206800000000,   0.48000,
,,,00.207200000000,   0.46000,
,,,00.207600000000,   0.46000,
,,,00.208000000000,   0.46000,
,,,00.208400000000,   0.46000,
,,,00.208800000000,   0.44000,
,,,00.209200000000,   0.44000,
,,,00.209600000000,   0.44000,
,,,00.210000000000,   0.44000,
,,,00.210400000000,   0.46000,
,,,00.210800000000,   0.44000,
,,,00.211200000000,   0.44000,
,,,00.211600000000,   0.44000,
,,,00.212000000000,   0.44000,
,,,00.212400000000,   0.44000,
,,,00.212800000000,   0.44000,
,,,00.213200000000,   0.44000,
,,,00.213600000000,   0.42000,
,,,00.214000000000,   0.44000,
,,,00.214400000000,   0.42000,
,,,00.214800000000,   0.42000,
,,,00.215200000000,   0.42000,
,,,00.215600000000,   0.42000,
,,,00.216000000000,   0.42000,
,,,00.216400000000,   0.40000,
,,,00.216800000000,   0.40000,
,,,00.217200000000,   0.40000,
,,,00.217600000000,   0.42000,
,,,00.218000000000,   0.40000,
,,,00.218400000000,   0.40000,
,,,00.218800000000,   0.40000,
,,,00.219200000000,   0.38000,
,,,00.219600000000,   0.40000,
,,,00.220000000000,   0.40000,
,,,00.220400000000,   0.40000,
,,,00.220800000000,   0.40000,
,,,00.221200000000,   0.40000,
,,,00.221600000000,   0.38000,
,,,00.222000000000,   0.38000,
,,,00.222400000000,   0.38000,
,,,00.222800000000,   0.38000,
,,,00.223200000000,   0.38000,
,,,00.223600000000,   0.38000,
,,,00.224000000000,   0.36000,
,,,00.224400000000,   0.38000,
,,,00.224800000000,   0.38000,
,,,00.225200000000,   0.36000,
,,,00.225600000000,   0.38000,
,,,00.226000000000,   0.36000,
,,,00.226400000000,   0.36000,
,,,00.226800000000,   0.36000,
,,,00.227200000000,   0.36000,
,,,00.227600000000,   0.36000,
,,,00.228000000000,   0.36000,
,,,00.228400000000,   0.34000,
,,,00.228800000000,   0.36000,
,,,00.229200000000,   0.34000,
,,,00.229600000000,   0.34000,
,,,00.230000000000,   0.36000,
,,,00.230400000000,   0.34000,
,,,00.230800000000,   0.34000,
,,,00.231200000000,   0.36000,
,,,00.231600000000,   0.34000,
,,,00.232000000000,   0.36000,
,,,00.232400000000,   0.34000,
,,,00.232800000000,   0.34000,
,,,00.233200000000,   0.34000,
,,,00.233600000000,   0.34000,
,,,00.234000000000,   0.34000,
,,,00.234400000000,   0.34000,
,,,00.234800000000,   0.32000,
,,,00.235200000000,   0.34000,
,,,00.235600000000,   0.32000,
,,,00.236000000000,   0.34000,
,,,00.236400000000,   0.32000,
,,,00.236800000000,   0.32000,
,,,00.237200000000,   0.32000,
,,,00.237600000000,   0.32000,
,,,00.238000000000,   0.34000,
,,,00.238400000000,   0.32000,
,,,00.238800000000,   0.32000,
,,,00.239200000000,   0.32000,
,,,00.239600000000,   0.32000,
,,,00.240000000000,   0.32000,
,,,00.240400000000,   0.32000,
,,,00.240800000000,   0.30000,
,,,00.241200000000,   0.32000,
,,,00.241600000000,   0.32000,
,,,00.242000000000,   0.32000,
,,,00.242400000000,   0.30000,
,,,00.242800000000,   0.30000,
,,,00.243200000000,   0.30000,
,,,00.243600000000,   0.28000,
,,,00.244000000000,   0.30000,
,,,00.244400000000,   0.30000,
,,,00.244800000000,   0.30000,
,,,00.245200000000,   0.30000,
,,,00.245600000000,   0.30000,
,,,00.246000000000,   0.28000,
,,,00.246400000000,   0.30000,
,,,00.246800000000,   0.28000,
,,,00.247200000000,   0.30000,
,,,00.247600000000,   0.30000,
,,,00.248000000000,   0.30000,
,,,00.248400000000,   0.28000,
,,,00.248800000000,   0.28000,
,,,00.249200000000,   0.28000,
,,,00.249600000000,   0.28000,
,,,00.250000000000,   0.28000,
,,,00.250400000000,   0.28000,
,,,00.250800000000,   0.28000,
,,,00.251200000000,   0.26000,
,,,00.251600000000,   0.28000,
,,,00.252000000000,   0.26000,
,,,00.252400000000,   0.26000,
,,,00.252800000000,   0.26000,
,,,00.253200000000,   0.26000,
,,,00.253600000000,   0.28000,
,,,00.254000000000,   0.26000,
,,,00.254400000000,   0.26000,
,,,00.254800000000,   0.26000,
,,,00.255200000000,   0.24000,
,,,00.255600000000,   0.26000,
,,,00.256000000000,   0.26000,
,,,00.256400000000,   0.26000,
,,,00.256800000000,   0.26000,
,,,00.257200000000,   0.24000,
,,,00.257600000000,   0.26000,
,,,00.258000000000,   0.24000,
,,,00.258400000000,   0.26000,
,,,00.258800000000,   0.24000,
,,,00.259200000000,   0.26000,
,,,00.259600000000,   0.26000,
,,,00.260000000000,   0.26000,
,,,00.260400000000,   0.24000,
,,,00.260800000000,   0.24000,
,,,00.261200000000,   0.24000,
,,,00.261600000000,   0.24000,
,,,00.262000000000,   0.24000,
,,,00.262400000000,   0.26000,
,,,00.262800000000,   0.24000,
,,,00.263200000000,   0.22000,
,,,00.263600000000,   0.22000,
,,,00.264000000000,   0.22000,
,,,00.264400000000,   0.24000,
,,,00.264800000000,   0.22000,
,,,00.265200000000,   0.24000,
,,,00.265600000000,   0.22000,
,,,00.266000000000,   0.24000,
,,,00.266400000000,   0.22000,
,,,00.266800000000,   0.22000,
,,,00.267200000000,   0.22000,
,,,00.267600000000,   0.24000,
,,,00.268000000000,   0.22000,
,,,00.268400000000,   0.22000,
,,,00.268800000000,   0.24000,
,,,00.269200000000,   0.22000,
,,,00.269600000000,   0.22000,
,,,00.270000000000,   0.22000,
,,,00.270400000000,   0.24000,
,,,00.270800000000,   0.22000,
,,,00.271200000000,   0.22000,
,,,00.271600000000,   0.24000,
,,,00.272000000000,   0.22000,
,,,00.272400000000,   0.20000,
,,,00.272800000000,   0.20000,
,,,00.273200000000,   0.22000,
,,,00.273600000000,   0.22000,
,,,00.274000000000,   0.20000,
,,,00.274400000000,   0.20000,
,,,00.274800000000,   0.20000,
,,,00.275200000000,   0.20000,
,,,00.275600000000,   0.20000,
,,,00.276000000000,   0.20000,
,,,00.276400000000,   0.22000,
,,,00.276800000000,   0.22000,
,,,00.277200000000,   0.20000,
,,,00.277600000000,   0.20000,
,,,00.278000000000,   0.20000,
,,,00.278400000000,   0.20000,
,,,00.278800000000,   0.20000,
,,,00.279200000000,   0.20000,
,,,00.279600000000,   0.20000,
,,,00.280000000000,   0.20000,
,,,00.280400000000,   0.18000,
,,,00.280800000000,   0.18000,
,,,00.281200000000,   0.20000,
,,,00.281600000000,   0.18000,
,,,00.282000000000,   0.18000,
,,,00.282400000000,   0.18000,
,,,00.282800000000,   0.18000,
,,,00.283200000000,   0.20000,
,,,00.283600000000,   0.18000,
,,,00.284000000000,   0.18000,
,,,00.284400000000,   0.18000,
,,,00.284800000000,   0.18000,
,,,00.285200000000,   0.18000,
,,,00.285600000000,   0.18000,
,,,00.286000000000,   0.16000,
,,,00.286400000000,   0.16000,
,,,00.286800000000,   0.18000,
,,,00.287200000000,   0.18000,
,,,00.287600000000,   0.18000,
,,,00.288000000000,   0.18000,
,,,00.288400000000,   0.18000,
,,,00.288800000000,   0.18000,
,,,00.289200000000,   0.18000,
,,,00.289600000000,   0.18000,
,,,00.290000000000,   0.16000,
,,,00.290400000000,   0.14000,
,,,00.290800000000,   0.16000,
,,,00.291200000000,   0.14000,
,,,00.291600000000,   0.18000,
,,,00.292000000000,   0.16000,
,,,00.292400000000,   0.16000,
,,,00.292800000000,   0.16000,
,,,00.293200000000,   0.14000,
,,,00.293600000000,   0.16000,
,,,00.294000000000,   0.18000,
,,,00.294400000000,   0.16000,
,,,00.294800000000,   0.16000,
,,,00.295200000000,   0.16000,
,,,00.295600000000,   0.14000,
,,,00.296000000000,   0.14000,
,,,00.296400000000,   0.16000,
,,,00.296800000000,   0.14000,
,,,00.297200000000,   0.16000,
,,,00.297600000000,   0.16000,
,,,00.298000000000,   0.14000,
,,,00.298400000000,   0.16000,
,,,00.298800000000,   0.16000,
,,,00.299200000000,   0.16000,
,,,00.299600000000,   0.16000,
,,,00.300000000000,   0.16000,
,,,00.300400000000,   0.16000,
,,,00.300800000000,   0.14000,
,,,00.301200000000,   0.16000,
,,,00.301600000000,   0.14000,
,,,00.302000000000,   0.14000,
,,,00.302400000000,   0.14000,
,,,00.302800000000,   0.14000,
,,,00.303200000000,   0.14000,
,,,00.303600000000,   0.16000,
,,,00.304000000000,   0.14000,
,,,00.304400000000,   0.14000,
,,,00.304800000000,   0.14000,
,,,00.305200000000,   0.14000,
,,,00.305600000000,   0.14000,
,,,00.306000000000,   0.12000,
,,,00.306400000000,   0.14000,
,,,00.306800000000,   0.14000,
,,,00.307200000000,   0.14000,
,,,00.307600000000,   0.14000,
,,,00.308000000000,   0.12000,
,,,00.308400000000,   0.14000,
,,,00.308800000000,   0.14000,
,,,00.309200000000,   0.14000,
,,,00.309600000000,   0.12000,
,,,00.310000000000,   0.12000,
,,,00.310400000000,   0.12000,
,,,00.310800000000,   0.14000,
,,,00.311200000000,   0.14000,
,,,00.311600000000,   0.12000,
,,,00.312000000000,   0.12000,
,,,00.312400000000,   0.12000,
,,,00.312800000000,   0.10000,
,,,00.313200000000,   0.14000,
,,,00.313600000000,   0.12000,
,,,00.314000000000,   0.12000,
,,,00.314400000000,   0.12000,
,,,00.314800000000,   0.12000,
,,,00.315200000000,   0.12000,
,,,00.315600000000,   0.14000,
,,,00.316000000000,   0.12000,
,,,00.316400000000,   0.12000,
,,,00.316800000000,   0.12000,
,,,00.317200000000,   0.12000,
,,,00.317600000000,   0.12000,
,,,00.318000000000,   0.14000,
,,,00.318400000000,   0.12000,
,,,00.318800000000,   0.12000,
,,,00.319200000000,   0.12000,
,,,00.319600000000,   0.12000,
,,,00.320000000000,   0.12000,
,,,00.320400000000,   0.12000,
,,,00.320800000000,   0.12000,
,,,00.321200000000,   0.12000,
,,,00.321600000000,   0.10000,
,,,00.322000000000,   0.12000,
,,,00.322400000000,   0.12000,
,,,00.322800000000,   0.12000,
,,,00.323200000000,   0.10000,
,,,00.323600000000,   0.10000,
,,,00.324000000000,   0.10000,
,,,00.324400000000,   0.12000,
,,,00.324800000000,   0.12000,
,,,00.325200000000,   0.10000,
,,,00.325600000000,   0.10000,
,,,00.326000000000,   0.10000,
,,,00.326400000000,   0.10000,
,,,00.326800000000,   0.10000,
,,,00.327200000000,   0.10000,
,,,00.327600000000,   0.10000,
,,,00.328000000000,   0.10000,
,,,00.328400000000,   0.10000,
,,,00.328800000000,   0.12000,
,,,00.329200000000,   0.10000,
,,,00.329600000000,   0.10000,
,,,00.330000000000,   0.10000,
,,,00.330400000000,   0.10000,
,,,00.330800000000,   0.10000,
,,,00.331200000000,   0.10000,
,,,00.331600000000,   0.10000,
,,,00.332000000000,   0.10000,
,,,00.332400000000,   0.08000,
,,,00.332800000000,   0.10000,
,,,00.333200000000,   0.12000,
,,,00.333600000000,   0.10000,
,,,00.334000000000,   0.10000,
,,,00.334400000000,   0.10000,
,,,00.334800000000,   0.10000,
,,,00.335200000000,   0.10000,
,,,00.335600000000,   0.08000,
,,,00.336000000000,   0.10000,
,,,00.336400000000,   0.10000,
,,,00.336800000000,   0.10000,
,,,00.337200000000,   0.08000,
,,,00.337600000000,   0.10000,
,,,00.338000000000,   0.12000,
,,,00.338400000000,   0.08000,
,,,00.338800000000,   0.10000,
,,,00.339200000000,   0.10000,
,,,00.339600000000,   0.08000,
,,,00.340000000000,   0.10000,
,,,00.340400000000,   0.10000,
,,,00.340800000000,   0.10000,
,,,00.341200000000,   0.10000,
,,,00.341600000000,   0.08000,
,,,00.342000000000,   0.10000,
,,,00.342400000000,   0.08000,
,,,00.342800000000,   0.08000,
,,,00.343200000000,   0.08000,
,,,00.343600000000,   0.10000,
,,,00.344000000000,   0.08000,
,,,00.344400000000,   0.08000,
,,,00.344800000000,   0.08000,
,,,00.345200000000,   0.08000,
,,,00.345600000000,   0.08000,
,,,00.346000000000,   0.06000,
,,,00.346400000000,   0.08000,
,,,00.346800000000,   0.08000,
,,,00.347200000000,   0.06000,
,,,00.347600000000,   0.08000,
,,,00.348000000000,   0.08000,
,,,00.348400000000,   0.08000,
,,,00.348800000000,   0.08000,
,,,00.349200000000,   0.08000,
,,,00.349600000000,   0.08000,
,,,00.350000000000,   0.08000,
,,,00.350400000000,   0.10000,
,,,00.350800000000,   0.06000,
,,,00.351200000000,   0.08000,
,,,00.351600000000,   0.06000,
,,,00.352000000000,   0.08000,
,,,00.352400000000,   0.08000,
,,,00.352800000000,   0.08000,
,,,00.353200000000,   0.08000,
,,,00.353600000000,   0.06000,
,,,00.354000000000,   0.08000,
,,,00.354400000000,   0.08000,
,,,00.354800000000,   0.06000,
,,,00.355200000000,   0.06000,
,,,00.355600000000,   0.08000,
,,,00.356000000000,   0.10000,
,,,00.356400000000,   0.06000,
,,,00.356800000000,   0.08000,
,,,00.357200000000,   0.08000,
,,,00.357600000000,   0.06000,
,,,00.358000000000,   0.08000,
,,,00.358400000000,   0.06000,
,,,00.358800000000,   0.06000,
,,,00.359200000000,   0.08000,
,,,00.359600000000,   0.06000,
,,,00.360000000000,   0.06000,
,,,00.360400000000,   0.08000,
,,,00.360800000000,   0.06000,
,,,00.361200000000,   0.08000,
,,,00.361600000000,   0.06000,
,,,00.362000000000,   0.08000,
,,,00.362400000000,   0.06000,
,,,00.362800000000,   0.06000,
,,,00.363200000000,   0.06000,
,,,00.363600000000,   0.06000,
,,,00.364000000000,   0.06000,
,,,00.364400000000,   0.08000,
,,,00.364800000000,   0.06000,
,,,00.365200000000,   0.06000,
,,,00.365600000000,   0.06000,
,,,00.366000000000,   0.06000,
,,,00.366400000000,   0.06000,
,,,00.366800000000,   0.06000,
,,,00.367200000000,   0.06000,
,,,00.367600000000,   0.06000,
,,,00.368000000000,   0.06000,
,,,00.368400000000,   0.06000,
,,,00.368800000000,   0.06000,
,,,00.369200000000,   0.06000,
,,,00.369600000000,   0.04000,
,,,00.370000000000,   0.06000,
,,,00.370400000000,   0.06000,
,,,00.370800000000,   0.06000,
,,,00.371200000000,   0.06000,
,,,00.371600000000,   0.06000,
,,,00.372000000000,   0.06000,
,,,00.372400000000,   0.08000,
,,,00.372800000000,   0.06000,
,,,00.373200000000,   0.04000,
,,,00.373600000000,   0.04000,
,,,00.374000000000,   0.06000,
,,,00.374400000000,   0.04000,
,,,00.374800000000,   0.08000,
,,,00.375200000000,   0.06000,
,,,00.375600000000,   0.06000,
,,,00.376000000000,   0.06000,
,,,00.376400000000,   0.06000,
,,,00.376800000000,   0.06000,
,,,00.377200000000,   0.04000,
,,,00.377600000000,   0.04000,
,,,00.378000000000,   0.04000,
,,,00.378400000000,   0.06000,
,,,00.378800000000,   0.06000,
,,,00.379200000000,   0.06000,
,,,00.379600000000,   0.04000,
,,,00.380000000000,   0.04000,
,,,00.380400000000,   0.06000,
,,,00.380800000000,   0.06000,
,,,00.381200000000,   0.06000,
,,,00.381600000000,   0.04000,
,,,00.382000000000,   0.06000,
,,,00.382400000000,   0.04000,
,,,00.382800000000,   0.04000,
,,,00.383200000000,   0.06000,
,,,00.383600000000,   0.06000,
,,,00.384000000000,   0.04000,
,,,00.384400000000,   0.06000,
,,,00.384800000000,   0.06000,
,,,00.385200000000,   0.04000,
,,,00.385600000000,   0.04000,
,,,00.386000000000,   0.04000,
,,,00.386400000000,   0.06000,
,,,00.386800000000,   0.04000,
,,,00.387200000000,   0.06000,
,,,00.387600000000,   0.04000,
,,,00.388000000000,   0.02000,
,,,00.388400000000,   0.04000,
,,,00.388800000000,   0.04000,
,,,00.389200000000,   0.04000,
,,,00.389600000000,   0.04000,
,,,00.390000000000,   0.06000,
,,,00.390400000000,   0.04000,
,,,00.390800000000,   0.04000,
,,,00.391200000000,   0.04000,
,,,00.391600000000,   0.04000,
,,,00.392000000000,   0.06000,
,,,00.392400000000,   0.04000,
,,,00.392800000000,   0.04000,
,,,00.393200000000,   0.04000,
,,,00.393600000000,   0.04000,
,,,00.394000000000,   0.04000,
,,,00.394400000000,   0.04000,
,,,00.394800000000,   0.04000,
,,,00.395200000000,   0.04000,
,,,00.395600000000,   0.06000,
,,,00.396000000000,   0.04000,
,,,00.396400000000,   0.04000,
,,,00.396800000000,   0.04000,
,,,00.397200000000,   0.04000,
,,,00.397600000000,   0.04000,
,,,00.398000000000,   0.04000,
,,,00.398400000000,   0.04000,
,,,00.398800000000,   0.02000,
,,,00.399200000000,   0.02000,
,,,00.399600000000,   0.04000,
,,,00.400000000000,   0.02000,
,,,00.400400000000,   0.02000,
,,,00.400800000000,   0.02000,
,,,00.401200000000,   0.02000,
,,,00.401600000000,   0.04000,
,,,00.402000000000,   0.02000,
,,,00.402400000000,   0.02000,
,,,00.402800000000,   0.04000,
,,,00.403200000000,   0.04000,
,,,00.403600000000,   0.04000,
,,,00.404000000000,   0.02000,
,,,00.404400000000,   0.06000,
,,,00.404800000000,   0.04000,
,,,00.405200000000,   0.04000,
,,,00.405600000000,   0.04000,
,,,00.406000000000,   0.04000,
,,,00.406400000000,   0.04000,
,,,00.406800000000,   0.04000,
,,,00.407200000000,   0.02000,
,,,00.407600000000,   0.02000,
,,,00.408000000000,   0.04000,
,,,00.408400000000,   0.02000,
,,,00.408800000000,   0.04000,
,,,00.409200000000,   0.04000,
,,,00.409600000000,   0.02000,
,,,00.410000000000,   0.04000,
,,,00.410400000000,   0.04000,
,,,00.410800000000,   0.02000,
,,,00.411200000000,   0.04000,
,,,00.411600000000,   0.04000,
,,,00.412000000000,   0.02000,
,,,00.412400000000,   0.04000,
,,,00.412800000000,   0.02000,
,,,00.413200000000,   0.02000,
,,,00.413600000000,   0.04000,
,,,00.414000000000,   0.02000,
,,,00.414400000000,   0.02000,
,,,00.414800000000,   0.02000,
,,,00.415200000000,   0.02000,
,,,00.415600000000,   0.04000,
,,,00.416000000000,   0.04000,
,,,00.416400000000,   0.02000,
,,,00.416800000000,   0.02000,
,,,00.417200000000,   0.04000,
,,,00.417600000000,   0.04000,
,,,00.418000000000,   0.04000,
,,,00.418400000000,   0.04000,
,,,00.418800000000,   0.04000,
,,,00.419200000000,   0.04000,
,,,00.419600000000,   0.04000,
,,,00.420000000000,   0.04000,
,,,00.420400000000,   0.02000,
,,,00.420800000000,   0.02000,
,,,00.421200000000,   0.02000,
,,,00.421600000000,   0.04000,
,,,00.422000000000,   0.00000,
,,,00.422400000000,   0.02000,
,,,00.422800000000,   0.02000,
,,,00.423200000000,   0.00000,
,,,00.423600000000,   0.02000,
,,,00.424000000000,   0.02000,
,,,00.424400000000,   0.04000,
,,,00.424800000000,   0.02000,
,,,00.425200000000,   0.02000,
,,,00.425600000000,   0.02000,
,,,00.426000000000,   0.02000,
,,,00.426400000000,   0.02000,
,,,00.426800000000,   0.02000,
,,,00.427200000000,   0.02000,
,,,00.427600000000,   0.00000,
,,,00.428000000000,   0.00000,
,,,00.428400000000,   0.02000,
,,,00.428800000000,   0.02000,
,,,00.429200000000,   0.02000,
,,,00.429600000000,   0.00000,
,,,00.430000000000,   0.02000,
,,,00.430400000000,   0.02000,
,,,00.430800000000,   0.02000,
,,,00.431200000000,   0.02000,
,,,00.431600000000,   0.02000,
,,,00.432000000000,   0.02000,
,,,00.432400000000,   0.02000,
,,,00.432800000000,   0.02000,
,,,00.433200000000,   0.02000,
,,,00.433600000000,   0.02000,
,,,00.434000000000,   0.02000,
,,,00.434400000000,   0.04000,
,,,00.434800000000,   0.00000,
,,,00.435200000000,   0.02000,
,,,00.435600000000,   0.02000,
,,,00.436000000000,   0.02000,
,,,00.436400000000,   0.02000,
,,,00.436800000000,   0.02000,
,,,00.437200000000,   0.00000,
,,,00.437600000000,   0.02000,
,,,00.438000000000,   0.00000,
,,,00.438400000000,   0.02000,
,,,00.438800000000,   0.02000,
,,,00.439200000000,   0.04000,
,,,00.439600000000,   0.02000,
,,,00.440000000000,   0.02000,
,,,00.440400000000,   0.02000,
,,,00.440800000000,   0.02000,
,,,00.441200000000,   0.02000,
,,,00.441600000000,   0.02000,
,,,00.442000000000,   0.02000,
,,,00.442400000000,   0.02000,
,,,00.442800000000,   0.02000,
,,,00.443200000000,   0.02000,
,,,00.443600000000,   0.02000,
,,,00.444000000000,   0.02000,
,,,00.444400000000,   0.02000,
,,,00.444800000000,   0.00000,
,,,00.445200000000,   0.00000,
,,,00.445600000000,   0.02000,
,,,00.446000000000,   0.02000,
,,,00.446400000000,   0.02000,
,,,00.446800000000,   0.02000,
,,,00.447200000000,   0.00000,
,,,00.447600000000,   0.02000,
,,,00.448000000000,   0.02000,
,,,00.448400000000,   0.02000,
,,,00.448800000000,   0.02000,
,,,00.449200000000,   0.02000,
,,,00.449600000000,   0.02000,
,,,00.450000000000,   0.02000,
,,,00.450400000000,   0.00000,
,,,00.450800000000,   0.00000,
,,,00.451200000000,   0.02000,
,,,00.451600000000,   0.00000,
,,,00.452000000000,   0.02000,
,,,00.452400000000,   0.02000,
,,,00.452800000000,   0.00000,
,,,00.453200000000,   0.02000,
,,,00.453600000000,   0.02000,
,,,00.454000000000,   0.02000,
,,,00.454400000000,   0.00000,
,,,00.454800000000,   0.00000,
,,,00.455200000000,   0.00000,
,,,00.455600000000,   0.02000,
,,,00.456000000000,   0.02000,
,,,00.456400000000,   0.02000,
,,,00.456800000000,   0.02000,
,,,00.457200000000,   0.02000,
,,,00.457600000000,   0.00000,
,,,00.458000000000,   0.02000,
,,,00.458400000000,   0.00000,
,,,00.458800000000,   0.00000,
,,,00.459200000000,   0.02000,
,,,00.459600000000,   0.00000,
,,,00.460000000000,   0.02000,
,,,00.460400000000,   0.00000,
,,,00.460800000000,   0.02000,
,,,00.461200000000,   0.02000,
,,,00.461600000000,   0.00000,
,,,00.462000000000,   0.00000,
,,,00.462400000000,   0.00000,
,,,00.462800000000,   0.02000,
,,,00.463200000000,   0.02000,
,,,00.463600000000,   0.02000,
,,,00.464000000000,   0.02000,
,,,00.464400000000,   0.00000,
,,,00.464800000000,   0.00000,
,,,00.465200000000,   0.00000,
,,,00.465600000000,   0.02000,
,,,00.466000000000,   0.02000,
,,,00.466400000000,   0.00000,
,,,00.466800000000,   0.02000,
,,,00.467200000000,   0.00000,
,,,00.467600000000,   0.00000,
,,,00.468000000000,   0.00000,
,,,00.468400000000,   0.02000,
,,,00.468800000000,   0.00000,
,,,00.469200000000,   0.00000,
,,,00.469600000000,   0.02000,
,,,00.470000000000,  -0.02000,
,,,00.470400000000,   0.02000,
,,,00.470800000000,   0.00000,
,,,00.471200000000,   0.00000,
,,,00.471600000000,   0.00000,
,,,00.472000000000,   0.00000,
,,,00.472400000000,   0.00000,
,,,00.472800000000,   0.00000,
,,,00.473200000000,   0.00000,
,,,00.473600000000,   0.00000,
,,,00.474000000000,   0.00000,
,,,00.474400000000,   0.00000,
,,,00.474800000000,   0.00000,
,,,00.475200000000,   0.00000,
,,,00.475600000000,   0.02000,
,,,00.476000000000,   0.00000,
,,,00.476400000000,   0.02000,
,,,00.476800000000,   0.00000,
,,,00.477200000000,   0.00000,
,,,00.477600000000,   0.02000,
,,,00.478000000000,   0.00000,
,,,00.478400000000,   0.02000,
,,,00.478800000000,   0.00000,
,,,00.479200000000,   0.02000,
,,,00.479600000000,   0.00000,
,,,00.480000000000,  -0.02000,
,,,00.480400000000,   0.00000,
,,,00.480800000000,   0.00000,
,,,00.481200000000,   0.02000,
,,,00.481600000000,   0.00000,
,,,00.482000000000,   0.00000,
,,,00.482400000000,   0.00000,
,,,00.482800000000,   0.00000,
,,,00.483200000000,   0.00000,
,,,00.483600000000,   0.00000,
,,,00.484000000000,   0.00000,
,,,00.484400000000,   0.00000,
,,,00.484800000000,   0.00000,
,,,00.485200000000,   0.00000,
,,,00.485600000000,   0.00000,
,,,00.486000000000,   0.00000,
,,,00.486400000000,   0.00000,
,,,00.486800000000,   0.02000,
,,,00.487200000000,   0.00000,
,,,00.487600000000,   0.00000,
,,,00.488000000000,   0.00000,
,,,00.488400000000,   0.00000,
,,,00.488800000000,   0.00000,
,,,00.489200000000,   0.00000,
,,,00.489600000000,   0.00000,
,,,00.490000000000,  -0.02000,
,,,00.490400000000,   0.02000,
,,,00.490800000000,   0.00000,
,,,00.491200000000,  -0.02000,
,,,00.491600000000,   0.00000,
,,,00.492000000000,   0.00000,
,,,00.492400000000,   0.00000,
,,,00.492800000000,   0.00000,
,,,00.493200000000,   0.00000,
,,,00.493600000000,   0.00000,
,,,00.494000000000,   0.02000,
,,,00.494400000000,   0.00000,
,,,00.494800000000,   0.00000,
,,,00.495200000000,   0.00000,
,,,00.495600000000,   0.00000,
,,,00.496000000000,   0.00000,
,,,00.496400000000,  -0.02000,
,,,00.496800000000,   0.00000,
,,,00.497200000000,   0.00000,
,,,00.497600000000,   0.00000,
,,,00.498000000000,  -0.02000,
,,,00.498400000000,   0.00000,
,,,00.498800000000,   0.00000,
,,,00.499200000000,   0.00000,
,,,00.499600000000,  -0.02000,
